Date,Adj Close,Close,High,Low,Open,Volume
2024-04-02,1494.966064453125,1580.0,1625.0,1560.0,1620.0,51106
2024-04-03,1438.1951904296875,1520.0,1545.0,1505.0,1535.0,172113
2024-04-08,1499.697021484375,1585.0,1610.0,1550.0,1550.0,163103
2024-04-09,1504.4278564453125,1590.0,1615.0,1580.0,1590.0,126017
2024-04-10,1523.3514404296875,1610.0,1625.0,1575.0,1575.0,37055
2024-04-11,1556.4677734375,1645.0,1650.0,1600.0,1600.0,78038
2024-04-12,1565.9295654296875,1655.0,1665.0,1615.0,1615.0,99103
2024-04-15,1556.4677734375,1645.0,1700.0,1635.0,1700.0,216005
2024-04-16,1528.082275390625,1615.0,1625.0,1605.0,1615.0,83015
2024-04-17,1542.275146484375,1630.0,1665.0,1625.0,1665.0,190012
2024-04-18,1513.8896484375,1600.0,1615.0,1575.0,1605.0,134037
2024-04-19,1433.4642333984375,1515.0,1590.0,1495.0,1575.0,287060
2024-04-22,1386.1552734375,1465.0,1500.0,1460.0,1500.0,168004
2024-04-23,1419.2716064453125,1500.0,1500.0,1440.0,1440.0,90037
2024-04-24,1400.347900390625,1480.0,1515.0,1470.0,1515.0,161350
2024-04-25,1414.5406494140625,1495.0,1515.0,1435.0,1460.0,258153
2024-04-26,1419.2716064453125,1500.0,1520.0,1490.0,1495.0,221043
2024-04-29,1438.1951904296875,1520.0,1535.0,1480.0,1480.0,228202
2024-04-30,1466.58056640625,1550.0,1565.0,1510.0,1510.0,162208
2024-05-02,1371.9625244140625,1450.0,1570.0,1450.0,1535.0,244052
2024-05-03,1419.2716064453125,1500.0,1520.0,1470.0,1470.0,290048
2024-05-06,1433.4642333984375,1515.0,1515.0,1490.0,1505.0,139700
2024-05-07,1419.2716064453125,1500.0,1530.0,1495.0,1530.0,97000
2024-05-08,1419.2716064453125,1500.0,1510.0,1475.0,1480.0,125028
2024-05-09,1433.4642333984375,1515.0,1515.0,1490.0,1490.0,72112
2024-05-10,1504.4278564453125,1590.0,1600.0,1515.0,1515.0,204080
2024-05-13,1466.58056640625,1550.0,1585.0,1530.0,1580.0,123214
2024-05-14,1485.504150390625,1570.0,1575.0,1520.0,1520.0,81024
2024-05-15,1542.275146484375,1630.0,1650.0,1555.0,1580.0,222392
2024-05-16,1589.5841064453125,1680.0,1715.0,1640.0,1680.0,460070
2024-05-17,1518.6204833984375,1605.0,1680.0,1605.0,1680.0,144249
2024-05-20,1551.7369384765625,1640.0,1640.0,1595.0,1615.0,70062
2024-05-21,1589.5841064453125,1680.0,1705.0,1655.0,1675.0,196136
2024-05-22,1674.740478515625,1770.0,1770.0,1705.0,1725.0,235037
2024-05-23,1688.9332275390625,1785.0,1785.0,1710.0,1725.0,183106
2024-05-24,1660.5477294921875,1755.0,1785.0,1715.0,1785.0,127004
2024-05-27,1613.23876953125,1705.0,1760.0,1695.0,1745.0,93133
2024-05-28,1622.7005615234375,1715.0,1735.0,1680.0,1705.0,168104
2024-05-29,1641.6240234375,1735.0,1765.0,1700.0,1700.0,227031
2024-05-30,1603.77685546875,1695.0,1755.0,1695.0,1755.0,206009
2024-05-31,1603.77685546875,1695.0,1720.0,1680.0,1700.0,362008
2024-06-03,1603.77685546875,1695.0,1715.0,1665.0,1700.0,204100
2024-06-04,1589.5841064453125,1680.0,1730.0,1645.0,1680.0,143155
2024-06-05,1594.3150634765625,1685.0,1690.0,1660.0,1680.0,70010
2024-06-06,1594.3150634765625,1685.0,1715.0,1670.0,1695.0,85146
2024-06-07,1641.6240234375,1735.0,1740.0,1690.0,1695.0,69206
2024-06-11,1636.8931884765625,1730.0,1745.0,1705.0,1710.0,103110
2024-06-12,1646.35498046875,1740.0,1755.0,1735.0,1735.0,66005
2024-06-13,1674.740478515625,1770.0,1790.0,1750.0,1760.0,170017
2024-06-14,1707.8568115234375,1805.0,1805.0,1735.0,1770.0,86252
2024-06-17,1665.2786865234375,1760.0,1805.0,1745.0,1800.0,150011
2024-06-18,1665.2786865234375,1760.0,1775.0,1745.0,1755.0,186017
2024-06-19,1712.587646484375,1810.0,1820.0,1780.0,1780.0,88130
2024-06-20,1774.0894775390625,1875.0,1880.0,1815.0,1840.0,182167
2024-06-21,1750.4349365234375,1850.0,1900.0,1850.0,1895.0,173007
2024-06-24,1722.0494384765625,1820.0,1890.0,1795.0,1890.0,102101
2024-06-25,1726.7803955078125,1825.0,1850.0,1780.0,1845.0,111043
2024-06-26,1722.0494384765625,1820.0,1860.0,1790.0,1860.0,157100
2024-06-27,1722.0494384765625,1820.0,1840.0,1790.0,1820.0,185078
2024-06-28,1821.3985595703125,1925.0,1925.0,1825.0,1840.0,249140
2024-07-01,1688.9332275390625,1785.0,1905.0,1780.0,1905.0,159108
2024-07-02,1698.39501953125,1795.0,1830.0,1750.0,1785.0,171042
2024-07-03,1674.740478515625,1770.0,1800.0,1755.0,1790.0,117009
2024-07-04,1731.5113525390625,1830.0,1855.0,1795.0,1795.0,105360
2024-07-05,1712.587646484375,1810.0,1870.0,1810.0,1870.0,36053
2024-07-08,1703.1258544921875,1800.0,1835.0,1765.0,1810.0,90200
2024-07-09,1797.743896484375,1900.0,1915.0,1815.0,1815.0,171202
2024-07-10,1892.3621826171875,2000.0,2005.0,1930.0,2000.0,248778
2024-07-11,1859.2457275390625,1965.0,1990.0,1960.0,1985.0,104100
2024-07-12,1826.12939453125,1930.0,1970.0,1925.0,1955.0,78100
2024-07-15,1778.8204345703125,1880.0,1950.0,1860.0,1950.0,77004
2024-07-16,1755.165771484375,1855.0,1910.0,1855.0,1910.0,67009
2024-07-17,1759.896728515625,1860.0,1895.0,1840.0,1865.0,84003
2024-07-18,1722.0494384765625,1820.0,1865.0,1810.0,1865.0,115037
2024-07-19,1674.740478515625,1770.0,1820.0,1750.0,1760.0,165031
2024-07-22,1604.660888671875,1660.0,1795.0,1600.0,1745.0,200099
2024-07-23,1696.493896484375,1755.0,1795.0,1670.0,1670.0,163098
2024-07-26,1793.16015625,1855.0,1870.0,1710.0,1725.0,350129
2024-07-29,1739.9937744140625,1800.0,1855.0,1790.0,1850.0,258103
2024-07-30,1768.99365234375,1830.0,1865.0,1745.0,1745.0,99253
2024-07-31,1793.16015625,1855.0,1885.0,1795.0,1835.0,172225
2024-08-01,1836.6600341796875,1900.0,1985.0,1870.0,1915.0,183068
2024-08-02,1730.3271484375,1790.0,1900.0,1775.0,1900.0,148110
2024-08-05,1561.1610107421875,1615.0,1680.0,1615.0,1680.0,38039
2024-08-06,1672.3272705078125,1730.0,1740.0,1640.0,1710.0,120021
2024-08-07,1735.160400390625,1795.0,1870.0,1765.0,1780.0,207030
2024-08-08,1686.8272705078125,1745.0,1765.0,1695.0,1740.0,130109
2024-08-09,1696.493896484375,1755.0,1835.0,1750.0,1770.0,272200
2024-08-12,1749.660400390625,1810.0,1850.0,1770.0,1770.0,94103
2024-08-13,1807.66015625,1870.0,1870.0,1800.0,1800.0,110050
2024-08-14,1841.493408203125,1905.0,1935.0,1885.0,1890.0,100102
2024-08-15,1851.1600341796875,1915.0,1930.0,1890.0,1925.0,54135
2024-08-16,1880.159912109375,1945.0,1955.0,1920.0,1940.0,136147
2024-08-19,1909.1597900390625,1975.0,1985.0,1940.0,1970.0,73133
2024-08-20,2000.9927978515625,2070.0,2070.0,2000.0,2015.0,233013
2024-08-21,1981.6595458984375,2050.0,2110.0,2020.0,2070.0,116068
2024-08-22,1981.6595458984375,2050.0,2075.0,2030.0,2030.0,122511
2024-08-23,1938.15966796875,2005.0,2035.0,1940.0,2000.0,141090
2024-08-26,1981.6595458984375,2050.0,2055.0,2005.0,2005.0,114206
2024-08-27,1996.159423828125,2065.0,2065.0,2015.0,2050.0,104055
2024-08-28,1952.65966796875,2020.0,2055.0,1990.0,2015.0,119501
2024-08-29,1938.15966796875,2005.0,2085.0,1950.0,2085.0,195004
2024-08-30,1928.4930419921875,1995.0,2030.0,1980.0,2030.0,283400
2024-09-02,1952.65966796875,2020.0,2050.0,1995.0,2035.0,91173
2024-09-03,1971.992919921875,2040.0,2065.0,2010.0,2035.0,112242
2024-09-04,1884.9931640625,1950.0,1990.0,1910.0,1920.0,251377
2024-09-05,1918.826416015625,1985.0,2040.0,1965.0,1990.0,224028
2024-09-06,1918.826416015625,1985.0,2010.0,1945.0,2010.0,121330
2024-09-09,1909.1597900390625,1975.0,1975.0,1925.0,1925.0,150003
2024-09-10,1938.15966796875,2005.0,2015.0,1965.0,2000.0,129423
2024-09-11,1938.15966796875,2005.0,2030.0,1990.0,2020.0,70324
2024-09-12,1981.6595458984375,2050.0,2085.0,2015.0,2025.0,140322
2024-09-13,2025.159423828125,2095.0,2110.0,2065.0,2065.0,117163
2024-09-16,1952.65966796875,2020.0,2075.0,2010.0,2075.0,42004
2024-09-18,1913.9930419921875,1980.0,2020.0,1960.0,2020.0,110031
2024-09-19,1976.826171875,2045.0,2045.0,1920.0,1920.0,184114
2024-09-20,2107.32568359375,2180.0,2220.0,2060.0,2100.0,528193
2024-09-23,2160.4921875,2235.0,2305.0,2190.0,2275.0,175274
2024-09-24,2290.99169921875,2370.0,2370.0,2205.0,2225.0,247321
2024-09-25,2237.8251953125,2315.0,2385.0,2265.0,2380.0,361302
2024-09-26,2107.32568359375,2180.0,2285.0,2150.0,2250.0,221093
2024-09-27,2005.8260498046875,2075.0,2130.0,2045.0,2105.0,369281
2024-09-30,1957.492919921875,2025.0,2100.0,2015.0,2075.0,301409
2024-10-01,2102.492431640625,2175.0,2205.0,2045.0,2045.0,254175
2024-10-04,2068.6591796875,2140.0,2160.0,2050.0,2050.0,341286
2024-10-07,2092.82568359375,2165.0,2180.0,2105.0,2145.0,129063
2024-10-08,2073.492431640625,2145.0,2195.0,2095.0,2195.0,184043
2024-10-09,2126.658935546875,2200.0,2225.0,2100.0,2100.0,150037
2024-10-11,2078.325927734375,2150.0,2190.0,2135.0,2190.0,57307
2024-10-14,2102.492431640625,2175.0,2190.0,2125.0,2135.0,105178
2024-10-15,2078.325927734375,2150.0,2185.0,2100.0,2185.0,144117
2024-10-16,2029.99267578125,2100.0,2145.0,2075.0,2145.0,251264
2024-10-17,2044.49267578125,2115.0,2120.0,2100.0,2100.0,68000
2024-10-18,1942.9930419921875,2010.0,2095.0,1990.0,2095.0,147149
2024-10-21,2039.6593017578125,2110.0,2110.0,1965.0,1965.0,225016
2024-10-22,2044.49267578125,2115.0,2180.0,2090.0,2100.0,241025
2024-10-23,2078.325927734375,2150.0,2160.0,2110.0,2115.0,72014
2024-10-24,2150.82568359375,2225.0,2225.0,2105.0,2120.0,177262
2024-10-25,2116.992431640625,2190.0,2290.0,2160.0,2235.0,244055
2024-10-28,2126.658935546875,2200.0,2255.0,2195.0,2195.0,206017
2024-10-29,2126.658935546875,2200.0,2230.0,2150.0,2195.0,128013
2024-10-30,2058.99267578125,2130.0,2190.0,2105.0,2180.0,282975
2024-11-01,2025.159423828125,2095.0,2140.0,2005.0,2045.0,291039
2024-11-04,2087.992431640625,2160.0,2165.0,2095.0,2095.0,102010
2024-11-05,2126.658935546875,2200.0,2200.0,2145.0,2160.0,74080
2024-11-06,2107.32568359375,2180.0,2235.0,2175.0,2200.0,133069
2024-11-07,2087.992431640625,2160.0,2170.0,2130.0,2140.0,77004
2024-11-08,1928.4930419921875,1995.0,2150.0,1960.0,2150.0,250238
2024-11-11,1875.3265380859375,1940.0,1985.0,1920.0,1985.0,317016
2024-11-12,1865.659912109375,1930.0,1990.0,1905.0,1905.0,164004
2024-11-13,1889.8265380859375,1955.0,1960.0,1915.0,1925.0,119066
2024-11-14,1822.16015625,1885.0,1995.0,1885.0,1995.0,162221
2024-11-15,1822.16015625,1885.0,1945.0,1845.0,1885.0,261167
2024-11-18,1884.9931640625,1950.0,1955.0,1850.0,1920.0,221120
2024-11-19,1841.493408203125,1905.0,1950.0,1870.0,1950.0,228068
2024-11-20,1913.9930419921875,1980.0,1980.0,1980.0,1980.0,168845
2024-11-21,1884.9931640625,1950.0,1990.0,1940.0,1975.0,144097
2024-11-22,1904.326416015625,1970.0,2000.0,1970.0,1990.0,131003
2024-11-25,1928.4930419921875,1995.0,2100.0,1995.0,2015.0,429054
2024-11-26,1889.8265380859375,1955.0,2000.0,1945.0,1995.0,137039
2024-11-27,1865.659912109375,1930.0,1965.0,1930.0,1965.0,158091
2024-11-28,1788.326904296875,1850.0,1935.0,1850.0,1935.0,142101
2024-11-29,1778.6602783203125,1840.0,1855.0,1800.0,1815.0,314012
2024-12-02,1788.326904296875,1850.0,1910.0,1850.0,1880.0,230152
2024-12-03,1744.8270263671875,1805.0,1880.0,1800.0,1880.0,222101
2024-12-04,1865.659912109375,1930.0,1940.0,1825.0,1825.0,497277
2024-12-05,1884.9931640625,1950.0,1970.0,1925.0,1970.0,123003
2024-12-06,1822.16015625,1885.0,1970.0,1880.0,1965.0,99350
2024-12-09,1865.659912109375,1930.0,1945.0,1850.0,1850.0,120092
2024-12-10,1880.159912109375,1945.0,1950.0,1910.0,1920.0,95023
2024-12-11,1952.65966796875,2020.0,2020.0,1925.0,1945.0,200462
2024-12-12,1865.659912109375,1930.0,1975.0,1925.0,1975.0,234080
2024-12-13,1783.4935302734375,1845.0,1920.0,1840.0,1910.0,216152
2024-12-16,1807.66015625,1870.0,1900.0,1830.0,1885.0,174486
2024-12-17,1783.4935302734375,1845.0,1870.0,1830.0,1870.0,194070
2024-12-18,1855.9932861328125,1920.0,1920.0,1835.0,1835.0,248145
2024-12-19,1817.3267822265625,1880.0,1885.0,1840.0,1845.0,121080
2024-12-20,1802.8267822265625,1865.0,1895.0,1855.0,1860.0,191020
2024-12-23,1831.8267822265625,1895.0,1915.0,1875.0,1910.0,48024
2024-12-24,1822.16015625,1885.0,1910.0,1875.0,1900.0,42007
2024-12-25,1836.6600341796875,1900.0,1900.0,1885.0,1885.0,8022
2024-12-26,1817.3267822265625,1880.0,1920.0,1870.0,1915.0,30057
2024-12-27,1846.32666015625,1910.0,1910.0,1875.0,1875.0,45145
2024-12-30,1812.493408203125,1875.0,1925.0,1875.0,1900.0,123003
2024-12-31,1797.9935302734375,1860.0,1880.0,1845.0,1875.0,82042
2025-01-02,1744.8270263671875,1805.0,1850.0,1800.0,1850.0,77257
2025-01-03,1773.826904296875,1835.0,1905.0,1810.0,1810.0,139968
2025-01-06,1807.66015625,1870.0,1895.0,1845.0,1845.0,79060
2025-01-07,1841.493408203125,1905.0,1935.0,1875.0,1920.0,107093
2025-01-08,1865.659912109375,1930.0,1950.0,1900.0,1900.0,153105
2025-01-09,1807.66015625,1870.0,1930.0,1870.0,1930.0,101056
2025-01-10,1846.32666015625,1910.0,1920.0,1860.0,1860.0,129393
2025-01-13,1730.3271484375,1790.0,1930.0,1790.0,1905.0,386073
2025-01-14,1696.493896484375,1755.0,1810.0,1755.0,1800.0,184252
2025-01-15,1764.1602783203125,1825.0,1860.0,1770.0,1770.0,236031
2025-01-16,1807.66015625,1870.0,1900.0,1860.0,1860.0,111135
2025-01-17,1812.493408203125,1875.0,1915.0,1840.0,1915.0,96105
2025-01-20,1817.3267822265625,1880.0,1900.0,1875.0,1895.0,58026
2025-01-21,1807.66015625,1870.0,1915.0,1850.0,1915.0,157001
2025-01-22,1841.493408203125,1905.0,1920.0,1885.0,1905.0,151122
2025-02-03,1657.827392578125,1715.0,1855.0,1715.0,1855.0,290081
2025-02-04,1585.32763671875,1640.0,1730.0,1620.0,1730.0,204227
2025-02-05,1643.327392578125,1700.0,1730.0,1670.0,1670.0,236055
2025-02-06,1638.494140625,1695.0,1780.0,1690.0,1715.0,210020
2025-02-07,1681.993896484375,1740.0,1765.0,1720.0,1725.0,159152
2025-02-10,1667.4940185546875,1725.0,1740.0,1705.0,1720.0,140016
2025-02-11,1681.993896484375,1740.0,1765.0,1725.0,1750.0,86104
2025-02-12,1652.9940185546875,1710.0,1760.0,1705.0,1740.0,69032
2025-02-13,1681.993896484375,1740.0,1755.0,1700.0,1725.0,98027
2025-02-14,1710.9937744140625,1770.0,1770.0,1740.0,1755.0,76115
2025-02-17,1691.6605224609375,1750.0,1765.0,1740.0,1740.0,45019
2025-02-18,1730.3271484375,1790.0,1790.0,1740.0,1740.0,39021
2025-02-19,1725.4937744140625,1785.0,1810.0,1760.0,1790.0,65005
2025-02-20,1710.9937744140625,1770.0,1800.0,1765.0,1785.0,169003
2025-02-21,1749.660400390625,1810.0,1840.0,1765.0,1770.0,100035
2025-02-24,1691.6605224609375,1750.0,1800.0,1725.0,1800.0,247369
2025-02-25,1657.827392578125,1715.0,1730.0,1695.0,1720.0,195115
2025-02-26,1623.994140625,1680.0,1740.0,1665.0,1710.0,186052
2025-02-27,1590.160888671875,1645.0,1695.0,1640.0,1690.0,316010
2025-03-03,1720.6605224609375,1780.0,1780.0,1655.0,1715.0,451160
2025-03-04,1691.6605224609375,1750.0,1770.0,1730.0,1770.0,251056
2025-03-05,1691.6605224609375,1750.0,1775.0,1735.0,1740.0,119076
2025-03-06,1662.66064453125,1720.0,1740.0,1700.0,1725.0,179012
2025-03-07,1590.160888671875,1645.0,1745.0,1635.0,1745.0,299153
2025-03-10,1590.160888671875,1645.0,1680.0,1640.0,1680.0,90032
2025-03-11,1512.827880859375,1565.0,1600.0,1510.0,1590.0,197367
2025-03-12,1483.8280029296875,1535.0,1590.0,1535.0,1575.0,279214
2025-03-13,1464.4947509765625,1515.0,1585.0,1515.0,1550.0,134329
2025-03-14,1459.661376953125,1510.0,1530.0,1480.0,1530.0,144099
2025-03-17,1396.8282470703125,1445.0,1485.0,1370.0,1370.0,327160
2025-03-18,1440.328125,1490.0,1510.0,1405.0,1445.0,334156
2025-03-19,1420.994873046875,1470.0,1520.0,1470.0,1520.0,195101
2025-03-20,1474.161376953125,1525.0,1545.0,1470.0,1500.0,223081
2025-03-21,1512.827880859375,1565.0,1630.0,1525.0,1525.0,643035
2025-03-24,1474.161376953125,1525.0,1595.0,1515.0,1570.0,245003
2025-03-25,1474.161376953125,1525.0,1585.0,1505.0,1545.0,211001
2025-03-26,1532.1611328125,1585.0,1645.0,1560.0,1560.0,382153
2025-03-27,1532.1611328125,1585.0,1635.0,1565.0,1585.0,329007
2025-03-28,1503.1612548828125,1555.0,1595.0,1555.0,1585.0,180418
2025-03-31,1478.99462890625,1530.0,1635.0,1520.0,1580.0,522014
2025-04-01,1464.4947509765625,1515.0,1540.0,1480.0,1525.0,210010
2025-04-02,1454.828125,1505.0,1515.0,1480.0,1480.0,178059
2025-04-07,1309.82861328125,1355.0,1355.0,1355.0,1355.0,38050
2025-04-08,1242.1622314453125,1285.0,1295.0,1220.0,1220.0,555042
2025-04-09,1121.329345703125,1160.0,1215.0,1160.0,1200.0,354271
2025-04-10,1232.49560546875,1275.0,1275.0,1245.0,1275.0,133000
2025-04-11,1329.161865234375,1375.0,1395.0,1240.0,1275.0,398070
2025-04-14,1309.82861328125,1355.0,1420.0,1355.0,1405.0,220409
2025-04-15,1329.161865234375,1375.0,1390.0,1310.0,1360.0,325053
2025-04-16,1256.662109375,1300.0,1355.0,1285.0,1355.0,193323
2025-04-17,1280.8287353515625,1325.0,1335.0,1260.0,1280.0,275301
2025-04-18,1261.4954833984375,1305.0,1335.0,1285.0,1335.0,124010
2025-04-21,1251.828857421875,1295.0,1310.0,1275.0,1275.0,63200
2025-04-22,1237.328857421875,1280.0,1305.0,1255.0,1275.0,115070
2025-04-23,1343.661865234375,1390.0,1400.0,1325.0,1325.0,232172
2025-04-24,1324.32861328125,1370.0,1445.0,1340.0,1445.0,307010
2025-04-25,1362.9951171875,1410.0,1435.0,1380.0,1395.0,265079
2025-04-28,1391.9949951171875,1440.0,1460.0,1410.0,1410.0,138035
2025-04-29,1411.3282470703125,1460.0,1460.0,1430.0,1440.0,115011
2025-04-30,1449.9947509765625,1500.0,1510.0,1470.0,1470.0,196031
2025-05-02,1507.9945068359375,1560.0,1565.0,1520.0,1535.0,263207
2025-05-05,1478.99462890625,1530.0,1560.0,1490.0,1560.0,181003
2025-05-06,1459.661376953125,1510.0,1550.0,1500.0,1520.0,97047
2025-05-07,1454.828125,1505.0,1570.0,1500.0,1510.0,185064
2025-05-08,1483.8280029296875,1535.0,1555.0,1510.0,1555.0,63166
2025-05-09,1478.99462890625,1530.0,1565.0,1495.0,1535.0,122252
2025-05-12,1478.99462890625,1530.0,1570.0,1515.0,1545.0,103120
2025-05-13,1459.661376953125,1510.0,1575.0,1510.0,1565.0,108011
2025-05-14,1469.3280029296875,1520.0,1530.0,1470.0,1515.0,230305
2025-05-15,1478.99462890625,1530.0,1540.0,1490.0,1490.0,164072
2025-05-16,1483.8280029296875,1535.0,1545.0,1510.0,1525.0,150031
2025-05-19,1425.8282470703125,1475.0,1515.0,1475.0,1515.0,145160
2025-05-20,1459.661376953125,1510.0,1535.0,1465.0,1505.0,260263
2025-05-21,1464.4947509765625,1515.0,1525.0,1505.0,1510.0,146100
2025-05-22,1430.6614990234375,1480.0,1520.0,1475.0,1495.0,201023
2025-05-23,1372.6617431640625,1420.0,1490.0,1400.0,1480.0,341082
2025-05-26,1382.328369140625,1430.0,1455.0,1415.0,1420.0,212100
2025-05-27,1353.3284912109375,1400.0,1450.0,1380.0,1440.0,201004
2025-05-28,1372.6617431640625,1420.0,1445.0,1400.0,1425.0,178001
2025-05-29,1304.9952392578125,1350.0,1440.0,1350.0,1420.0,627401
2025-06-02,1300.1619873046875,1345.0,1370.0,1325.0,1355.0,363018
2025-06-03,1300.1619873046875,1345.0,1370.0,1330.0,1350.0,218013
2025-06-04,1362.9951171875,1410.0,1410.0,1380.0,1385.0,232797
2025-06-05,1343.661865234375,1390.0,1425.0,1380.0,1400.0,138003
2025-06-06,1430.6614990234375,1480.0,1510.0,1405.0,1410.0,332175
2025-06-09,1440.328125,1490.0,1520.0,1480.0,1510.0,239104
2025-06-10,1391.9949951171875,1440.0,1490.0,1440.0,1490.0,192151
2025-06-11,1401.66162109375,1450.0,1475.0,1440.0,1470.0,144006
2025-06-12,1367.828369140625,1415.0,1440.0,1400.0,1440.0,147018
2025-06-13,1324.32861328125,1370.0,1395.0,1370.0,1395.0,136106
2025-06-16,1300.1619873046875,1345.0,1355.0,1340.0,1355.0,264100
2025-06-17,1300.1619873046875,1345.0,1360.0,1340.0,1345.0,328200
2025-06-18,1300.1619873046875,1345.0,1365.0,1340.0,1345.0,223050
2025-06-19,1261.4954833984375,1305.0,1345.0,1290.0,1345.0,166145
2025-06-20,1261.4954833984375,1305.0,1330.0,1290.0,1300.0,241138
2025-06-23,1242.1622314453125,1285.0,1290.0,1255.0,1285.0,151030
2025-06-24,1261.4954833984375,1305.0,1330.0,1295.0,1315.0,199112
2025-06-25,1256.662109375,1300.0,1325.0,1290.0,1325.0,275050
2025-06-26,1256.662109375,1300.0,1315.0,1295.0,1300.0,139030
2025-06-27,1251.828857421875,1295.0,1325.0,1285.0,1300.0,229001
2025-06-30,1217.99560546875,1260.0,1295.0,1260.0,1295.0,216487
2025-07-01,1256.662109375,1300.0,1330.0,1275.0,1280.0,338201
2025-07-02,1246.9954833984375,1290.0,1305.0,1265.0,1305.0,173111
2025-07-03,1280.8287353515625,1325.0,1345.0,1295.0,1295.0,257108
2025-07-04,1261.4954833984375,1305.0,1345.0,1295.0,1335.0,168301
2025-07-07,1217.99560546875,1260.0,1295.0,1245.0,1295.0,198133
2025-07-08,1222.8289794921875,1265.0,1275.0,1235.0,1240.0,184108
2025-07-09,1246.9954833984375,1290.0,1295.0,1255.0,1265.0,221338
2025-07-10,1245.0,1245.0,1255.0,1225.0,1245.0,210068
2025-07-11,1245.0,1245.0,1255.0,1240.0,1245.0,105058
2025-07-14,1235.0,1235.0,1255.0,1235.0,1240.0,75060
2025-07-15,1235.0,1235.0,1245.0,1225.0,1245.0,167468
2025-07-16,1255.0,1255.0,1275.0,1240.0,1240.0,307138
2025-07-17,1270.0,1270.0,1275.0,1250.0,1255.0,204039
2025-07-18,1240.0,1240.0,1280.0,1240.0,1270.0,173021
2025-07-21,1275.0,1275.0,1300.0,1240.0,1240.0,389321
2025-07-22,1170.0,1170.0,1280.0,1165.0,1275.0,332016
2025-07-23,1210.0,1210.0,1210.0,1175.0,1185.0,339200
2025-07-24,1220.0,1220.0,1240.0,1205.0,1215.0,202021
2025-07-25,1210.0,1210.0,1220.0,1185.0,1220.0,172400
2025-07-28,1200.0,1200.0,1215.0,1185.0,1210.0,156108
2025-07-29,1215.0,1215.0,1230.0,1200.0,1210.0,123123
2025-07-30,1220.0,1220.0,1235.0,1190.0,1215.0,184061
2025-07-31,1180.0,1180.0,1215.0,1175.0,1215.0,262110
2025-08-04,1235.0,1235.0,1240.0,1210.0,1220.0,141033
2025-08-05,1250.0,1250.0,1280.0,1240.0,1240.0,178122
2025-08-06,1225.0,1225.0,1235.0,1215.0,1230.0,149073
2025-08-07,1275.0,1275.0,1285.0,1250.0,1250.0,203236
2025-08-08,1180.0,1180.0,1275.0,1170.0,1265.0,611172
2025-08-11,1125.0,1125.0,1170.0,1125.0,1170.0,362788
2025-08-12,1115.0,1115.0,1125.0,1090.0,1100.0,364085
2025-08-13,1100.0,1100.0,1150.0,1095.0,1120.0,729134
2025-08-14,1080.0,1080.0,1090.0,1055.0,1070.0,622279
2025-08-15,1060.0,1060.0,1080.0,1055.0,1070.0,352368
2025-08-18,1045.0,1045.0,1075.0,1030.0,1070.0,473042
2025-08-19,1010.0,1010.0,1045.0,1000.0,1045.0,506089
2025-08-20,996.0,996.0,1015.0,995.0,1005.0,327222
2025-08-21,1025.0,1025.0,1035.0,1005.0,1015.0,282170
2025-08-22,1015.0,1015.0,1060.0,1015.0,1040.0,565127
2025-08-25,1035.0,1035.0,1055.0,1030.0,1040.0,309188
2025-08-26,1025.0,1025.0,1050.0,1015.0,1045.0,1477103
2025-08-27,1025.0,1025.0,1035.0,1020.0,1035.0,446223
2025-08-28,1010.0,1010.0,1020.0,1005.0,1020.0,329251
2025-08-29,990.0,990.0,1055.0,990.0,1035.0,860681
2025-09-01,972.0,972.0,991.0,961.0,991.0,524432
2025-09-02,950.0,950.0,988.0,945.0,981.0,522180
2025-09-03,1005.0,1005.0,1015.0,968.0,968.0,672104
2025-09-04,1015.0,1015.0,1025.0,999.0,1025.0,419314
2025-09-05,1010.0,1010.0,1020.0,1000.0,1015.0,180111
2025-09-08,980.0,980.0,1015.0,977.0,1005.0,583000
2025-09-09,970.0,970.0,986.0,966.0,982.0,459219
2025-09-10,988.0,988.0,1000.0,976.0,976.0,417340
2025-09-11,996.0,996.0,1035.0,996.0,1005.0,545072
2025-09-12,975.0,975.0,1010.0,975.0,1010.0,372401
2025-09-15,951.0,951.0,979.0,948.0,966.0,542706
2025-09-16,978.0,978.0,987.0,951.0,955.0,824240
2025-09-17,955.0,955.0,988.0,948.0,986.0,580191
2025-09-18,988.0,988.0,988.0,945.0,956.0,605483
2025-09-19,960.0,960.0,1015.0,954.0,1000.0,1171017
2025-09-22,943.0,943.0,960.0,943.0,960.0,504462
2025-09-23,969.0,969.0,978.0,948.0,952.0,738144
2025-09-24,952.0,952.0,996.0,946.0,980.0,530182
2025-09-25,942.0,942.0,959.0,938.0,955.0,411258
2025-09-26,933.0,933.0,942.0,910.0,942.0,424261
2025-09-30,927.0,927.0,938.0,922.0,932.0,609319
2025-10-01,913.0,913.0,955.0,912.0,940.0,728437
2025-10-02,917.0,917.0,930.0,913.0,930.0,231442
2025-10-03,923.0,923.0,941.0,922.0,927.0,359370
2025-10-07,980.0,980.0,994.0,928.0,930.0,1112813
2025-10-08,1045.0,1045.0,1045.0,985.0,990.0,1372674
2025-10-09,1040.0,1040.0,1060.0,1025.0,1045.0,1234261
2025-10-13,1030.0,1030.0,1045.0,991.0,1025.0,1124184
2025-10-14,995.0,995.0,1070.0,995.0,1070.0,1117278
2025-10-15,1070.0,1070.0,1070.0,996.0,1015.0,816943
2025-10-16,1065.0,1065.0,1090.0,1040.0,1080.0,1232865
2025-10-17,1075.0,1075.0,1075.0,1045.0,1050.0,1124578
2025-10-20,1140.0,1140.0,1160.0,1090.0,1095.0,1733398
2025-10-21,1165.0,1165.0,1200.0,1140.0,1185.0,2235448
2025-10-22,1140.0,1140.0,1165.0,1125.0,1145.0,1387635
2025-10-23,1100.0,1100.0,1135.0,1085.0,1120.0,725729
2025-10-27,1165.0,1165.0,1170.0,1110.0,1120.0,974356
2025-10-28,1155.0,1155.0,1175.0,1145.0,1165.0,657239
2025-10-29,1215.0,1215.0,1215.0,1120.0,1175.0,1954029
2025-10-30,1230.0,1230.0,1250.0,1190.0,1230.0,1197789
2025-10-31,1210.0,1210.0,1225.0,1205.0,1225.0,444138
2025-11-03,1180.0,1180.0,1220.0,1175.0,1220.0,531647
2025-11-04,1160.0,1160.0,1190.0,1155.0,1175.0,929920
2025-11-05,1190.0,1190.0,1195.0,1115.0,1120.0,963440
2025-11-06,1250.0,1250.0,1250.0,1180.0,1185.0,886549
2025-11-07,1225.0,1225.0,1275.0,1210.0,1215.0,1115598
2025-11-10,1205.0,1205.0,1220.0,1185.0,1210.0,549335
2025-11-11,1160.0,1160.0,1200.0,1160.0,1175.0,713790
2025-11-12,1160.0,1160.0,1185.0,1135.0,1140.0,871405
2025-11-13,1175.0,1175.0,1175.0,1140.0,1165.0,430413
2025-11-14,1145.0,1145.0,1180.0,1140.0,1165.0,697178
2025-11-17,1135.0,1135.0,1170.0,1130.0,1160.0,851289
2025-11-18,1095.0,1095.0,1130.0,1095.0,1120.0,670492
2025-11-19,1045.0,1045.0,1110.0,1040.0,1095.0,1170381
2025-11-20,1065.0,1065.0,1090.0,1055.0,1075.0,1273200
2025-11-21,999.0,999.0,1045.0,997.0,1045.0,959117
2025-11-24,983.0,983.0,1020.0,983.0,991.0,10451881
2025-11-25,1065.0,1065.0,1080.0,997.0,997.0,1017419
2025-11-26,1155.0,1155.0,1170.0,1055.0,1080.0,1501250
2025-11-27,1140.0,1140.0,1195.0,1125.0,1170.0,1653202
2025-11-28,1160.0,1160.0,1210.0,1150.0,1160.0,1216778
2025-12-01,1105.0,1105.0,1170.0,1105.0,1155.0,917134
2025-12-02,1155.0,1155.0,1205.0,1105.0,1120.0,1563742
2025-12-03,1120.0,1120.0,1205.0,1120.0,1170.0,1837552
2025-12-04,1080.0,1080.0,1125.0,1070.0,1120.0,1110060
2025-12-05,1050.0,1050.0,1080.0,1040.0,1080.0,759510
2025-12-08,1035.0,1035.0,1060.0,1035.0,1055.0,634380
2025-12-09,1025.0,1025.0,1055.0,1020.0,1045.0,843364
2025-12-10,1025.0,1025.0,1050.0,1025.0,1035.0,621444
2025-12-11,1025.0,1025.0,1040.0,1010.0,1030.0,687438
2025-12-12,1000.0,1000.0,1035.0,1000.0,1030.0,456471
2025-12-15,997.0,997.0,1005.0,977.0,1000.0,498059
2025-12-16,980.0,980.0,1025.0,975.0,999.0,716649
2025-12-17,974.0,974.0,998.0,967.0,985.0,456500
2025-12-18,965.0,965.0,974.0,958.0,974.0,437553
2025-12-19,965.0,965.0,982.0,958.0,979.0,419539
2025-12-22,962.0,962.0,971.0,946.0,971.0,373553
2025-12-23,964.0,964.0,982.0,960.0,968.0,509202
2025-12-24,958.0,958.0,988.0,957.0,967.0,492329
2025-12-26,938.0,938.0,972.0,935.0,967.0,484889
2025-12-29,949.0,949.0,955.0,927.0,935.0,437367
2025-12-30,954.0,954.0,954.0,937.0,951.0,533268
2025-12-31,971.0,971.0,980.0,945.0,955.0,735307
2026-01-02,1015.0,1015.0,1065.0,976.0,976.0,1573356
2026-01-05,1030.0,1030.0,1045.0,1000.0,1030.0,1077080
2026-01-06,1020.0,1020.0,1065.0,1015.0,1040.0,621693
2026-01-07,1005.0,1005.0,1025.0,980.0,1020.0,1116712
2026-01-08,995.0,995.0,1020.0,994.0,1015.0,595589
2026-01-09,1025.0,1025.0,1045.0,986.0,996.0,727448
2026-01-12,1005.0,1005.0,1030.0,1000.0,1030.0,438948
2026-01-13,1020.0,1020.0,1085.0,1015.0,1015.0,1045526
2026-01-14,1045.0,1045.0,1060.0,1020.0,1020.0,743633
2026-01-15,1000.0,1000.0,1040.0,993.0,1040.0,852889
2026-01-16,1000.0,1000.0,1040.0,996.0,1010.0,653205
2026-01-19,1005.0,1005.0,1025.0,996.0,1000.0,325205
2026-01-20,985.0,985.0,1015.0,985.0,997.0,602046
2026-01-21,917.0,917.0,978.0,904.0,978.0,1765376
2026-01-22,937.0,937.0,938.0,908.0,922.0,1221399
2026-01-23,937.0,937.0,950.0,926.0,938.0,795076
2026-01-26,921.0,921.0,937.0,912.0,932.0,736797
2026-01-27,952.0,952.0,969.0,922.0,922.0,1429424
2026-01-28,962.0,962.0,981.0,950.0,974.0,1333643
2026-01-29,920.0,920.0,959.0,916.0,957.0,1360953
2026-01-30,853.0,853.0,918.0,853.0,917.0,1491542
2026-02-02,861.0,861.0,885.0,839.0,845.0,729258
2026-02-03,919.0,919.0,919.0,873.0,877.0,887504
2026-02-04,953.0,953.0,962.0,896.0,905.0,1316157
2026-02-05,920.0,920.0,976.0,920.0,953.0,1030892
2026-02-06,905.0,905.0,911.0,872.0,911.0,864103
2026-02-09,884.0,884.0,923.0,884.0,919.0,640964
2026-02-10,891.0,891.0,900.0,878.0,884.0,421236
2026-02-11,903.0,903.0,925.0,894.0,904.0,616549
2026-02-23,928.0,928.0,949.0,925.0,929.0,913448
2026-02-24,922.0,922.0,945.0,913.0,942.0,839320
2026-02-25,920.0,920.0,943.0,913.0,930.0,738353
2026-02-26,926.0,926.0,946.0,916.0,919.0,742319
2026-03-02,890.0,890.0,919.0,887.0,907.0,1127995
2026-03-03,863.0,863.0,895.0,859.0,885.0,884389
2026-03-04,813.0,813.0,852.0,811.0,841.0,795756
2026-03-05,857.0,857.0,863.0,836.0,845.0,607335
2026-03-06,865.0,865.0,870.0,839.0,842.0,381492
2026-03-09,824.0,824.0,845.0,790.0,808.0,919169
2026-03-10,819.0,819.0,845.0,805.0,845.0,692217
2026-03-11,820.0,820.0,825.0,817.0,824.0,506377
2026-03-12,810.0,810.0,817.0,803.0,817.0,440600
2026-03-13,766.0,766.0,793.0,761.0,793.0,1308947
2026-03-16,779.0,779.0,782.0,753.0,768.0,539238
2026-03-17,770.0,770.0,793.0,766.0,779.0,609613
2026-03-18,784.0,784.0,787.0,771.0,775.0,527611
2026-03-19,740.0,740.0,772.0,739.0,772.0,1221808
2026-03-20,752.0,752.0,762.0,743.0,747.0,915290
2026-03-23,757.0,757.0,771.0,722.0,731.0,636606
2026-03-24,740.0,740.0,773.0,735.0,771.0,657200
2026-03-25,758.0,758.0,760.0,748.0,759.0,557337
2026-03-26,740.0,740.0,768.0,740.0,758.0,453322
2026-03-27,741.0,741.0,748.0,733.0,740.0,384094
2026-03-30,750.0,750.0,767.0,728.0,733.0,1060064
2026-03-31,724.0,724.0,756.0,722.0,756.0,638147
2026-04-01,778.0,778.0,790.0,738.0,741.0,1029256
2026-04-02,739.0,739.0,783.0,739.0,782.0,569022
