ticker,event_date,event_type
1101,2025-09-30,earnings
1101,2025-12-31,earnings
1101,2026-02-15,revenue
1102,2025-09-30,earnings
1102,2025-12-31,earnings
1102,2026-02-15,revenue
1103,2025-09-30,earnings
1103,2025-12-31,earnings
1103,2026-02-15,revenue
1104,2025-09-30,earnings
1104,2025-12-31,earnings
1104,2026-02-15,revenue
1108,2025-09-30,earnings
1108,2025-12-31,earnings
1108,2026-02-15,revenue
1109,2025-09-30,earnings
1109,2025-12-31,earnings
1109,2026-02-15,revenue
1110,2025-09-30,earnings
1110,2025-12-31,earnings
1110,2026-02-15,revenue
1201,2025-09-30,earnings
1201,2025-12-31,earnings
1201,2026-02-15,revenue
1203,2025-09-30,earnings
1203,2025-12-31,earnings
1203,2026-02-15,revenue
1210,2025-09-30,earnings
1210,2025-12-31,earnings
1210,2026-02-15,revenue
1213,2025-09-30,earnings
1213,2025-12-31,earnings
1213,2026-02-15,revenue
1215,2025-09-30,earnings
1215,2025-12-31,earnings
1215,2026-02-15,revenue
1216,2025-06-30,earnings
1216,2025-12-31,earnings
1216,2026-02-15,revenue
1217,2025-09-30,earnings
1217,2025-12-31,earnings
1217,2026-02-15,revenue
1218,2025-06-30,earnings
1218,2025-09-30,earnings
1218,2026-02-15,revenue
1219,2025-09-30,earnings
1219,2025-12-31,earnings
1219,2026-02-15,revenue
1220,2025-09-30,earnings
1220,2025-12-31,earnings
1220,2026-02-15,revenue
1225,2025-09-30,earnings
1225,2025-12-31,earnings
1225,2026-02-15,revenue
1227,2025-09-30,earnings
1227,2025-12-31,earnings
1227,2026-02-15,revenue
1229,2025-09-30,earnings
1229,2025-12-31,earnings
1229,2026-02-15,revenue
1231,2025-09-30,earnings
1231,2025-12-31,earnings
1231,2026-02-15,revenue
1232,2025-06-30,earnings
1232,2025-12-31,earnings
1232,2026-02-15,revenue
1233,2025-09-30,earnings
1233,2025-12-31,earnings
1233,2026-02-15,revenue
1234,2025-09-30,earnings
1234,2025-12-31,earnings
1234,2026-02-15,revenue
1235,2025-09-30,earnings
1235,2025-12-31,earnings
1235,2026-02-15,revenue
1236,2025-09-30,earnings
1236,2025-12-31,earnings
1236,2026-02-15,revenue
1256,2025-09-30,earnings
1256,2025-12-31,earnings
1256,2026-02-15,revenue
1301,2025-09-30,earnings
1301,2025-12-31,earnings
1301,2026-02-15,revenue
1303,2025-09-30,earnings
1303,2025-12-31,earnings
1303,2026-02-15,revenue
1304,2025-09-30,earnings
1304,2025-12-31,earnings
1304,2026-02-15,revenue
1305,2025-09-30,earnings
1305,2025-12-31,earnings
1305,2026-02-15,revenue
1307,2025-09-30,earnings
1307,2025-12-31,earnings
1307,2026-02-15,revenue
1308,2025-09-30,earnings
1308,2025-12-31,earnings
1308,2026-02-15,revenue
1309,2025-09-30,earnings
1309,2025-12-31,earnings
1309,2026-02-15,revenue
1310,2025-09-30,earnings
1310,2025-12-31,earnings
1310,2026-02-15,revenue
1312,2025-09-30,earnings
1312,2025-12-31,earnings
1312,2026-02-15,revenue
1313,2025-09-30,earnings
1313,2025-12-31,earnings
1313,2026-02-15,revenue
1314,2025-09-30,earnings
1314,2025-12-31,earnings
1314,2026-02-15,revenue
1315,2025-09-30,earnings
1315,2025-12-31,earnings
1315,2026-02-15,revenue
1316,2025-09-30,earnings
1316,2025-12-31,earnings
1316,2026-02-15,revenue
1319,2025-09-30,earnings
1319,2025-12-31,earnings
1319,2026-02-15,revenue
1321,2025-09-30,earnings
1321,2025-12-31,earnings
1321,2026-02-15,revenue
1323,2025-09-30,earnings
1323,2025-12-31,earnings
1323,2026-02-15,revenue
1324,2025-09-30,earnings
1324,2025-12-31,earnings
1324,2026-02-15,revenue
1325,2025-09-30,earnings
1325,2025-12-31,earnings
1325,2026-02-15,revenue
1326,2025-09-30,earnings
1326,2025-12-31,earnings
1326,2026-02-15,revenue
1337,2025-09-30,earnings
1337,2025-12-31,earnings
1337,2026-02-15,revenue
1338,2025-09-30,earnings
1338,2025-12-31,earnings
1338,2026-02-15,revenue
1339,2025-09-30,earnings
1339,2025-12-31,earnings
1339,2026-02-15,revenue
1340,2025-09-30,earnings
1340,2025-12-31,earnings
1340,2026-02-15,revenue
1341,2025-09-30,earnings
1341,2025-12-31,earnings
1341,2026-02-15,revenue
1342,2025-09-30,earnings
1342,2025-12-31,earnings
1342,2026-02-15,revenue
1402,2025-09-30,earnings
1402,2025-12-31,earnings
1402,2026-02-15,revenue
1409,2025-09-30,earnings
1409,2025-12-31,earnings
1409,2026-02-15,revenue
1410,2025-09-30,earnings
1410,2025-12-31,earnings
1410,2026-02-15,revenue
1413,2025-06-30,earnings
1413,2025-12-31,earnings
1413,2026-02-15,revenue
1414,2025-09-30,earnings
1414,2025-12-31,earnings
1414,2026-02-15,revenue
1416,2025-09-30,earnings
1416,2025-12-31,earnings
1416,2026-02-15,revenue
1417,2025-09-30,earnings
1417,2025-12-31,earnings
1417,2026-02-15,revenue
1418,2025-09-30,earnings
1418,2025-12-31,earnings
1418,2026-02-15,revenue
1419,2025-09-30,earnings
1419,2025-12-31,earnings
1419,2026-02-15,revenue
1423,2025-09-30,earnings
1423,2025-12-31,earnings
1423,2026-02-15,revenue
1432,2025-09-30,earnings
1432,2025-12-31,earnings
1432,2026-02-15,revenue
1434,2025-06-30,earnings
1434,2025-12-31,earnings
1434,2026-02-15,revenue
1435,2025-09-30,earnings
1435,2025-12-31,earnings
1435,2026-02-15,revenue
1436,2025-06-30,earnings
1436,2025-12-31,earnings
1436,2026-02-15,revenue
1437,2025-09-30,earnings
1437,2025-12-31,earnings
1437,2026-02-15,revenue
1438,2025-09-30,earnings
1438,2025-12-31,earnings
1439,2025-06-30,earnings
1439,2025-09-30,earnings
1439,2026-02-15,revenue
1440,2025-09-30,earnings
1440,2025-12-31,earnings
1440,2026-02-15,revenue
1441,2025-09-30,earnings
1441,2025-12-31,earnings
1441,2026-02-15,revenue
1442,2025-09-30,earnings
1442,2025-12-31,earnings
1442,2026-02-15,revenue
1443,2025-09-30,earnings
1443,2025-12-31,earnings
1443,2026-02-15,revenue
1444,2025-09-30,earnings
1444,2025-12-31,earnings
1444,2026-02-15,revenue
1445,2025-09-30,earnings
1445,2025-12-31,earnings
1445,2026-02-15,revenue
1446,2025-09-30,earnings
1446,2025-12-31,earnings
1446,2026-02-15,revenue
1447,2025-09-30,earnings
1447,2025-12-31,earnings
1447,2026-02-15,revenue
1449,2025-09-30,earnings
1449,2025-12-31,earnings
1449,2026-02-15,revenue
1451,2025-09-30,earnings
1451,2025-12-31,earnings
1451,2026-02-15,revenue
1452,2025-09-30,earnings
1452,2025-12-31,earnings
1452,2026-02-15,revenue
1453,2025-09-30,earnings
1453,2025-12-31,earnings
1453,2026-02-15,revenue
1454,2025-06-30,earnings
1454,2025-12-31,earnings
1454,2026-02-15,revenue
1455,2025-09-30,earnings
1455,2025-12-31,earnings
1455,2026-02-15,revenue
1456,2025-09-30,earnings
1456,2025-12-31,earnings
1456,2026-02-15,revenue
1457,2025-09-30,earnings
1457,2025-12-31,earnings
1457,2026-02-15,revenue
1459,2025-06-30,earnings
1459,2025-12-31,earnings
1459,2026-02-15,revenue
1460,2025-09-30,earnings
1460,2025-12-31,earnings
1460,2026-02-15,revenue
1463,2025-09-30,earnings
1463,2025-12-31,earnings
1463,2026-02-15,revenue
1464,2025-09-30,earnings
1464,2025-12-31,earnings
1464,2026-02-15,revenue
1465,2025-09-30,earnings
1465,2025-12-31,earnings
1465,2026-02-15,revenue
1466,2025-09-30,earnings
1466,2025-12-31,earnings
1466,2026-02-15,revenue
1467,2025-09-30,earnings
1467,2025-12-31,earnings
1467,2026-02-15,revenue
1468,2025-09-30,earnings
1468,2025-12-31,earnings
1468,2026-02-15,revenue
1470,2025-09-30,earnings
1470,2025-12-31,earnings
1470,2026-02-15,revenue
1471,2025-09-30,earnings
1471,2025-12-31,earnings
1471,2026-02-15,revenue
1472,2025-09-30,earnings
1472,2025-12-31,earnings
1472,2026-02-15,revenue
1473,2025-09-30,earnings
1473,2025-12-31,earnings
1473,2026-02-15,revenue
1474,2025-09-30,earnings
1474,2025-12-31,earnings
1474,2026-02-15,revenue
1475,2025-09-30,earnings
1475,2025-12-31,earnings
1475,2026-02-15,revenue
1476,2025-06-30,earnings
1476,2025-12-31,earnings
1476,2026-02-15,revenue
1477,2025-06-30,earnings
1477,2025-12-31,earnings
1477,2026-02-15,revenue
1503,2025-09-30,earnings
1503,2025-12-31,earnings
1503,2026-02-15,revenue
1504,2025-09-30,earnings
1504,2025-12-31,earnings
1504,2026-02-15,revenue
1506,2025-09-30,earnings
1506,2025-12-31,earnings
1506,2026-02-15,revenue
1512,2025-09-30,earnings
1512,2025-12-31,earnings
1512,2026-02-15,revenue
1513,2025-09-30,earnings
1513,2025-12-31,earnings
1513,2026-02-15,revenue
1514,2025-09-30,earnings
1514,2025-12-31,earnings
1514,2026-02-15,revenue
1515,2025-06-30,earnings
1515,2025-12-31,earnings
1515,2026-02-15,revenue
1516,2025-09-30,earnings
1516,2025-12-31,earnings
1516,2026-02-15,revenue
1517,2025-09-30,earnings
1517,2025-12-31,earnings
1517,2026-02-15,revenue
1519,2025-09-30,earnings
1519,2025-12-31,earnings
1519,2026-02-15,revenue
1521,2025-06-30,earnings
1521,2025-12-31,earnings
1521,2026-02-15,revenue
1522,2025-09-30,earnings
1522,2025-12-31,earnings
1522,2026-02-15,revenue
1524,2025-09-30,earnings
1524,2025-12-31,earnings
1524,2026-02-15,revenue
1525,2025-09-30,earnings
1525,2025-12-31,earnings
1525,2026-02-15,revenue
1526,2025-09-30,earnings
1526,2025-12-31,earnings
1526,2026-02-15,revenue
1527,2025-06-30,earnings
1527,2025-09-30,earnings
1527,2026-02-15,revenue
1528,2025-09-30,earnings
1528,2025-12-31,earnings
1528,2026-02-15,revenue
1529,2025-09-30,earnings
1529,2025-12-31,earnings
1529,2026-02-15,revenue
1530,2025-06-30,earnings
1530,2025-09-30,earnings
1530,2026-02-15,revenue
1531,2025-09-30,earnings
1531,2025-12-31,earnings
1531,2026-02-15,revenue
1532,2025-09-30,earnings
1532,2025-12-31,earnings
1532,2026-02-15,revenue
1533,2025-09-30,earnings
1533,2025-12-31,earnings
1533,2026-02-15,revenue
1535,2025-06-30,earnings
1535,2025-12-31,earnings
1535,2026-02-15,revenue
1536,2025-09-30,earnings
1536,2025-12-31,earnings
1536,2026-02-15,revenue
1537,2025-09-30,earnings
1537,2025-12-31,earnings
1537,2026-02-15,revenue
1538,2025-09-30,earnings
1538,2025-12-31,earnings
1538,2026-02-15,revenue
1539,2025-09-30,earnings
1539,2025-12-31,earnings
1539,2026-02-15,revenue
1540,2025-09-30,earnings
1540,2025-12-31,earnings
1540,2026-02-15,revenue
1541,2025-09-30,earnings
1541,2025-12-31,earnings
1541,2026-02-15,revenue
1558,2025-09-30,earnings
1558,2025-12-31,earnings
1558,2026-02-15,revenue
1560,2025-06-30,earnings
1560,2025-12-31,earnings
1560,2026-02-15,revenue
1563,2025-06-30,earnings
1563,2025-12-31,earnings
1563,2026-02-15,revenue
1568,2025-09-30,earnings
1568,2025-12-31,earnings
1568,2026-02-15,revenue
1582,2025-06-30,earnings
1582,2025-12-31,earnings
1582,2026-02-15,revenue
1583,2025-09-30,earnings
1583,2025-12-31,earnings
1583,2026-02-15,revenue
1587,2025-06-30,earnings
1587,2025-09-30,earnings
1587,2026-02-15,revenue
1589,2025-06-30,earnings
1589,2025-09-30,earnings
1589,2026-02-15,revenue
1590,2025-09-30,earnings
1590,2025-12-31,earnings
1590,2026-02-15,revenue
1597,2025-06-30,earnings
1597,2025-12-31,earnings
1597,2026-02-15,revenue
1598,2025-09-30,earnings
1598,2025-12-31,earnings
1598,2026-02-15,revenue
1603,2025-09-30,earnings
1603,2025-12-31,earnings
1603,2026-02-15,revenue
1604,2025-09-30,earnings
1604,2025-12-31,earnings
1604,2026-02-15,revenue
1605,2025-09-30,earnings
1605,2025-12-31,earnings
1605,2026-02-15,revenue
1608,2025-06-30,earnings
1608,2025-12-31,earnings
1608,2026-02-15,revenue
1609,2025-09-30,earnings
1609,2025-12-31,earnings
1609,2026-02-15,revenue
1611,2025-09-30,earnings
1611,2025-12-31,earnings
1611,2026-02-15,revenue
1612,2025-09-30,earnings
1612,2025-12-31,earnings
1612,2026-02-15,revenue
1614,2025-09-30,earnings
1614,2025-12-31,earnings
1614,2026-02-15,revenue
1615,2025-09-30,earnings
1615,2025-12-31,earnings
1615,2026-02-15,revenue
1616,2025-09-30,earnings
1616,2025-12-31,earnings
1616,2026-02-15,revenue
1617,2025-09-30,earnings
1617,2025-12-31,earnings
1617,2026-02-15,revenue
1618,2025-09-30,earnings
1618,2025-12-31,earnings
1618,2026-02-15,revenue
1623,2025-09-30,earnings
1623,2025-12-31,earnings
1623,2026-02-15,revenue
1626,2025-09-30,earnings
1626,2025-12-31,earnings
1626,2026-02-15,revenue
1702,2025-09-30,earnings
1702,2025-12-31,earnings
1702,2026-02-15,revenue
1707,2025-09-30,earnings
1707,2025-12-31,earnings
1707,2026-02-15,revenue
1708,2025-09-30,earnings
1708,2025-12-31,earnings
1708,2026-02-15,revenue
1709,2025-09-30,earnings
1709,2025-12-31,earnings
1709,2026-02-15,revenue
1710,2025-09-30,earnings
1710,2025-12-31,earnings
1710,2026-02-15,revenue
1711,2025-09-30,earnings
1711,2025-12-31,earnings
1711,2026-02-15,revenue
1712,2025-09-30,earnings
1712,2025-12-31,earnings
1712,2026-02-15,revenue
1713,2025-09-30,earnings
1713,2025-12-31,earnings
1713,2026-02-15,revenue
1714,2025-09-30,earnings
1714,2025-12-31,earnings
1714,2026-02-15,revenue
1717,2025-09-30,earnings
1717,2025-12-31,earnings
1717,2026-02-15,revenue
1718,2025-09-30,earnings
1718,2025-12-31,earnings
1718,2026-02-15,revenue
1720,2025-09-30,earnings
1720,2025-12-31,earnings
1720,2026-02-15,revenue
1721,2025-09-30,earnings
1721,2025-12-31,earnings
1721,2026-02-15,revenue
1722,2025-09-30,earnings
1722,2025-12-31,earnings
1722,2026-02-15,revenue
1723,2025-06-30,earnings
1723,2025-12-31,earnings
1723,2026-02-15,revenue
1725,2025-09-30,earnings
1725,2025-12-31,earnings
1725,2026-02-15,revenue
1726,2025-09-30,earnings
1726,2025-12-31,earnings
1726,2026-02-15,revenue
1727,2025-09-30,earnings
1727,2025-12-31,earnings
1727,2026-02-15,revenue
1730,2025-06-30,earnings
1730,2025-12-31,earnings
1730,2026-02-15,revenue
1731,2025-09-30,earnings
1731,2025-12-31,earnings
1731,2026-02-15,revenue
1732,2025-09-30,earnings
1732,2025-12-31,earnings
1732,2026-02-15,revenue
1733,2025-09-30,earnings
1733,2025-12-31,earnings
1733,2026-02-15,revenue
1734,2025-09-30,earnings
1734,2025-12-31,earnings
1734,2026-02-15,revenue
1735,2025-09-30,earnings
1735,2025-12-31,earnings
1735,2026-02-15,revenue
1736,2025-09-30,earnings
1736,2025-12-31,earnings
1736,2026-02-15,revenue
1737,2025-09-30,earnings
1737,2025-12-31,earnings
1737,2026-02-15,revenue
1752,2025-09-30,earnings
1752,2025-12-31,earnings
1752,2026-02-15,revenue
1760,2025-09-30,earnings
1760,2025-12-31,earnings
1760,2026-02-15,revenue
1762,2025-09-30,earnings
1762,2025-12-31,earnings
1762,2026-02-15,revenue
1773,2025-06-30,earnings
1773,2025-12-31,earnings
1773,2026-02-15,revenue
1776,2025-09-30,earnings
1776,2025-12-31,earnings
1776,2026-02-15,revenue
1783,2025-09-30,earnings
1783,2025-12-31,earnings
1783,2026-02-15,revenue
1786,2025-09-30,earnings
1786,2025-12-31,earnings
1786,2026-02-15,revenue
1789,2025-06-30,earnings
1789,2025-12-31,earnings
1789,2026-02-15,revenue
1795,2025-09-30,earnings
1795,2025-12-31,earnings
1795,2026-02-15,revenue
1802,2025-09-30,earnings
1802,2025-12-31,earnings
1802,2026-02-15,revenue
1805,2025-09-30,earnings
1805,2025-12-31,earnings
1805,2026-02-15,revenue
1806,2025-09-30,earnings
1806,2025-12-31,earnings
1806,2026-02-15,revenue
1808,2025-09-30,earnings
1808,2025-12-31,earnings
1808,2026-02-15,revenue
1809,2025-09-30,earnings
1809,2025-12-31,earnings
1809,2026-02-15,revenue
1810,2025-09-30,earnings
1810,2025-12-31,earnings
1810,2026-02-15,revenue
1817,2025-09-30,earnings
1817,2025-12-31,earnings
1817,2026-02-15,revenue
1903,2025-09-30,earnings
1903,2025-12-31,earnings
1903,2026-02-15,revenue
1904,2025-09-30,earnings
1904,2025-12-31,earnings
1904,2026-02-15,revenue
1905,2025-09-30,earnings
1905,2025-12-31,earnings
1905,2026-02-15,revenue
1906,2025-09-30,earnings
1906,2025-12-31,earnings
1906,2026-02-15,revenue
1907,2025-09-30,earnings
1907,2025-12-31,earnings
1907,2026-02-15,revenue
1909,2025-09-30,earnings
1909,2025-12-31,earnings
1909,2026-02-15,revenue
2002,2025-09-30,earnings
2002,2025-12-31,earnings
2002,2026-02-15,revenue
2006,2025-06-30,earnings
2006,2025-12-31,earnings
2006,2026-02-15,revenue
2007,2025-09-30,earnings
2007,2025-12-31,earnings
2007,2026-02-15,revenue
2008,2025-09-30,earnings
2008,2025-12-31,earnings
2008,2026-02-15,revenue
2009,2025-06-30,earnings
2009,2025-12-31,earnings
2009,2026-02-15,revenue
2010,2025-06-30,earnings
2010,2025-12-31,earnings
2010,2026-02-15,revenue
2012,2025-06-30,earnings
2012,2025-12-31,earnings
2012,2026-02-15,revenue
2013,2025-06-30,earnings
2013,2025-12-31,earnings
2013,2026-02-15,revenue
2014,2025-06-30,earnings
2014,2025-12-31,earnings
2014,2026-02-15,revenue
2015,2025-06-30,earnings
2015,2025-12-31,earnings
2015,2026-02-15,revenue
2017,2025-09-30,earnings
2017,2025-12-31,earnings
2017,2026-02-15,revenue
2020,2025-09-30,earnings
2020,2025-12-31,earnings
2020,2026-02-15,revenue
2022,2025-09-30,earnings
2022,2025-12-31,earnings
2022,2026-02-15,revenue
2023,2025-09-30,earnings
2023,2025-12-31,earnings
2023,2026-02-15,revenue
2024,2025-09-30,earnings
2024,2025-12-31,earnings
2024,2026-02-15,revenue
2025,2025-09-30,earnings
2025,2025-12-31,earnings
2025,2026-02-15,revenue
2027,2025-09-30,earnings
2027,2025-12-31,earnings
2027,2026-02-15,revenue
2028,2025-09-30,earnings
2028,2025-12-31,earnings
2028,2026-02-15,revenue
2029,2025-06-30,earnings
2029,2025-12-31,earnings
2029,2026-02-15,revenue
2030,2025-09-30,earnings
2030,2025-12-31,earnings
2030,2026-02-15,revenue
2031,2025-06-30,earnings
2031,2025-12-31,earnings
2031,2026-02-15,revenue
2032,2025-09-30,earnings
2032,2025-12-31,earnings
2032,2026-02-15,revenue
2033,2025-06-30,earnings
2033,2025-12-31,earnings
2033,2026-02-15,revenue
2034,2025-09-30,earnings
2034,2025-12-31,earnings
2034,2026-02-15,revenue
2038,2025-09-30,earnings
2038,2025-12-31,earnings
2038,2026-02-15,revenue
2049,2025-09-30,earnings
2049,2025-12-31,earnings
2049,2026-02-15,revenue
2059,2025-06-30,earnings
2059,2025-12-31,earnings
2059,2026-02-15,revenue
2062,2025-06-30,earnings
2062,2025-12-31,earnings
2062,2026-02-15,revenue
2069,2025-09-30,earnings
2069,2025-12-31,earnings
2069,2026-02-15,revenue
2072,2025-09-30,earnings
2072,2025-12-31,earnings
2101,2025-09-30,earnings
2101,2025-12-31,earnings
2101,2026-02-15,revenue
2102,2025-09-30,earnings
2102,2025-12-31,earnings
2102,2026-02-15,revenue
2103,2025-06-30,earnings
2103,2025-12-31,earnings
2103,2026-02-15,revenue
2104,2025-09-30,earnings
2104,2025-12-31,earnings
2104,2026-02-15,revenue
2105,2025-09-30,earnings
2105,2025-12-31,earnings
2105,2026-02-15,revenue
2106,2025-09-30,earnings
2106,2025-12-31,earnings
2106,2026-02-15,revenue
2107,2025-09-30,earnings
2107,2025-12-31,earnings
2107,2026-02-15,revenue
2108,2025-06-30,earnings
2108,2025-12-31,earnings
2108,2026-02-15,revenue
2109,2025-06-30,earnings
2109,2025-09-30,earnings
2109,2026-02-15,revenue
2114,2025-06-30,earnings
2114,2025-12-31,earnings
2114,2026-02-15,revenue
2115,2025-06-30,earnings
2115,2025-12-31,earnings
2115,2026-02-15,revenue
2201,2025-09-30,earnings
2201,2025-12-31,earnings
2201,2026-02-15,revenue
2204,2025-09-30,earnings
2204,2025-12-31,earnings
2204,2026-02-15,revenue
2206,2025-09-30,earnings
2206,2025-12-31,earnings
2206,2026-02-15,revenue
2207,2025-09-30,earnings
2207,2025-12-31,earnings
2207,2026-02-15,revenue
2208,2025-09-30,earnings
2208,2025-12-31,earnings
2208,2026-02-15,revenue
2211,2025-09-30,earnings
2211,2025-12-31,earnings
2211,2026-02-15,revenue
2227,2025-09-30,earnings
2227,2025-12-31,earnings
2227,2026-02-15,revenue
2228,2025-09-30,earnings
2228,2025-12-31,earnings
2228,2026-02-15,revenue
2231,2025-09-30,earnings
2231,2025-12-31,earnings
2231,2026-02-15,revenue
2233,2025-09-30,earnings
2233,2025-12-31,earnings
2233,2026-02-15,revenue
2236,2025-09-30,earnings
2236,2025-12-31,earnings
2236,2026-02-15,revenue
2239,2025-09-30,earnings
2239,2025-12-31,earnings
2239,2026-02-15,revenue
2241,2025-09-30,earnings
2241,2025-12-31,earnings
2241,2026-02-15,revenue
2243,2025-09-30,earnings
2243,2025-12-31,earnings
2243,2026-02-15,revenue
2247,2025-09-30,earnings
2247,2025-12-31,earnings
2247,2026-02-15,revenue
2248,2025-09-30,earnings
2248,2025-12-31,earnings
2248,2026-02-15,revenue
2250,2025-09-30,earnings
2250,2025-12-31,earnings
2250,2026-02-15,revenue
2254,2025-09-30,earnings
2254,2025-12-31,earnings
2254,2026-02-15,revenue
2258,2025-09-30,earnings
2258,2025-12-31,earnings
2258,2026-02-15,revenue
2301,2025-06-30,earnings
2301,2025-12-31,earnings
2301,2026-02-15,revenue
2302,2025-09-30,earnings
2302,2025-12-31,earnings
2302,2026-02-15,revenue
2303,2025-09-30,earnings
2303,2025-12-31,earnings
2303,2026-02-15,revenue
2305,2025-09-30,earnings
2305,2025-12-31,earnings
2305,2026-02-15,revenue
2308,2025-06-30,earnings
2308,2025-12-31,earnings
2308,2026-02-15,revenue
2312,2025-09-30,earnings
2312,2025-12-31,earnings
2312,2026-02-15,revenue
2313,2025-09-30,earnings
2313,2025-12-31,earnings
2313,2026-02-15,revenue
2314,2025-09-30,earnings
2314,2025-12-31,earnings
2314,2026-02-15,revenue
2316,2025-09-30,earnings
2316,2025-12-31,earnings
2316,2026-02-15,revenue
2317,2025-09-30,earnings
2317,2025-12-31,earnings
2317,2026-02-15,revenue
2321,2025-06-30,earnings
2321,2025-12-31,earnings
2321,2026-02-15,revenue
2323,2025-09-30,earnings
2323,2025-12-31,earnings
2323,2026-02-15,revenue
2324,2025-09-30,earnings
2324,2025-12-31,earnings
2324,2026-02-15,revenue
2327,2025-09-30,earnings
2327,2025-12-31,earnings
2327,2026-02-15,revenue
2328,2025-09-30,earnings
2328,2025-12-31,earnings
2328,2026-02-15,revenue
2329,2025-06-30,earnings
2329,2025-12-31,earnings
2329,2026-02-15,revenue
2330,2025-09-30,earnings
2330,2025-12-31,earnings
2330,2026-02-15,revenue
2331,2025-09-30,earnings
2331,2025-12-31,earnings
2331,2026-02-15,revenue
2332,2025-09-30,earnings
2332,2025-12-31,earnings
2332,2026-02-15,revenue
2337,2025-06-30,earnings
2337,2025-12-31,earnings
2337,2026-02-15,revenue
2338,2025-09-30,earnings
2338,2025-12-31,earnings
2338,2026-02-15,revenue
2340,2025-06-30,earnings
2340,2025-12-31,earnings
2340,2026-02-15,revenue
2342,2025-09-30,earnings
2342,2025-12-31,earnings
2342,2026-02-15,revenue
2344,2025-06-30,earnings
2344,2025-12-31,earnings
2344,2026-02-15,revenue
2345,2025-06-30,earnings
2345,2025-12-31,earnings
2345,2026-02-15,revenue
2347,2025-09-30,earnings
2347,2025-12-31,earnings
2347,2026-02-15,revenue
2348,2025-09-30,earnings
2348,2025-12-31,earnings
2348,2026-02-15,revenue
2349,2025-09-30,earnings
2349,2025-12-31,earnings
2349,2026-02-15,revenue
2351,2025-09-30,earnings
2351,2025-12-31,earnings
2351,2026-02-15,revenue
2352,2025-09-30,earnings
2352,2025-12-31,earnings
2352,2026-02-15,revenue
2353,2025-06-30,earnings
2353,2025-12-31,earnings
2353,2026-02-15,revenue
2354,2025-09-30,earnings
2354,2025-12-31,earnings
2354,2026-02-15,revenue
2355,2025-09-30,earnings
2355,2025-12-31,earnings
2355,2026-02-15,revenue
2356,2025-09-30,earnings
2356,2025-12-31,earnings
2356,2026-02-15,revenue
2357,2025-09-30,earnings
2357,2025-12-31,earnings
2357,2026-02-15,revenue
2359,2025-09-30,earnings
2359,2025-12-31,earnings
2359,2026-02-15,revenue
2360,2025-09-30,earnings
2360,2025-12-31,earnings
2360,2026-02-15,revenue
2362,2025-09-30,earnings
2362,2025-12-31,earnings
2362,2026-02-15,revenue
2363,2025-09-30,earnings
2363,2025-12-31,earnings
2363,2026-02-15,revenue
2364,2025-09-30,earnings
2364,2025-12-31,earnings
2364,2026-02-15,revenue
2365,2025-09-30,earnings
2365,2025-12-31,earnings
2365,2026-02-15,revenue
2367,2025-09-30,earnings
2367,2025-12-31,earnings
2367,2026-02-15,revenue
2368,2025-09-30,earnings
2368,2025-12-31,earnings
2368,2026-02-15,revenue
2369,2025-09-30,earnings
2369,2025-12-31,earnings
2369,2026-02-15,revenue
2371,2025-09-30,earnings
2371,2025-12-31,earnings
2371,2026-02-15,revenue
2373,2025-09-30,earnings
2373,2025-12-31,earnings
2373,2026-02-15,revenue
2374,2025-09-30,earnings
2374,2025-12-31,earnings
2374,2026-02-15,revenue
2375,2025-09-30,earnings
2375,2025-12-31,earnings
2375,2026-02-15,revenue
2376,2025-09-30,earnings
2376,2025-12-31,earnings
2376,2026-02-15,revenue
2377,2025-09-30,earnings
2377,2025-12-31,earnings
2377,2026-02-15,revenue
2379,2025-09-30,earnings
2379,2025-12-31,earnings
2379,2026-02-15,revenue
2380,2025-09-30,earnings
2380,2025-12-31,earnings
2380,2026-02-15,revenue
2382,2025-09-30,earnings
2382,2025-12-31,earnings
2382,2026-02-15,revenue
2383,2025-06-30,earnings
2383,2025-12-31,earnings
2383,2026-02-15,revenue
2385,2025-09-30,earnings
2385,2025-12-31,earnings
2385,2026-02-15,revenue
2387,2025-09-30,earnings
2387,2025-12-31,earnings
2387,2026-02-15,revenue
2388,2025-09-30,earnings
2388,2025-12-31,earnings
2388,2026-02-15,revenue
2390,2025-09-30,earnings
2390,2025-12-31,earnings
2390,2026-02-15,revenue
2392,2025-09-30,earnings
2392,2025-12-31,earnings
2392,2026-02-15,revenue
2393,2025-09-30,earnings
2393,2025-12-31,earnings
2393,2026-02-15,revenue
2395,2025-06-30,earnings
2395,2025-12-31,earnings
2395,2026-02-15,revenue
2397,2025-06-30,earnings
2397,2025-12-31,earnings
2397,2026-02-15,revenue
2399,2025-09-30,earnings
2399,2025-12-31,earnings
2399,2026-02-15,revenue
2401,2025-09-30,earnings
2401,2025-12-31,earnings
2401,2026-02-15,revenue
2402,2025-06-30,earnings
2402,2025-12-31,earnings
2402,2026-02-15,revenue
2404,2025-09-30,earnings
2404,2025-12-31,earnings
2404,2026-02-15,revenue
2405,2025-09-30,earnings
2405,2025-12-31,earnings
2405,2026-02-15,revenue
2406,2025-09-30,earnings
2406,2025-12-31,earnings
2406,2026-02-15,revenue
2408,2025-06-30,earnings
2408,2025-12-31,earnings
2408,2026-02-15,revenue
2409,2025-09-30,earnings
2409,2025-12-31,earnings
2409,2026-02-15,revenue
2412,2025-09-30,earnings
2412,2025-12-31,earnings
2412,2026-02-15,revenue
2413,2025-09-30,earnings
2413,2025-12-31,earnings
2413,2026-02-15,revenue
2414,2025-09-30,earnings
2414,2025-12-31,earnings
2414,2026-02-15,revenue
2415,2025-09-30,earnings
2415,2025-12-31,earnings
2415,2026-02-15,revenue
2417,2025-09-30,earnings
2417,2025-12-31,earnings
2417,2026-02-15,revenue
2419,2025-06-30,earnings
2419,2025-12-31,earnings
2419,2026-02-15,revenue
2420,2025-09-30,earnings
2420,2025-12-31,earnings
2420,2026-02-15,revenue
2421,2025-09-30,earnings
2421,2025-12-31,earnings
2421,2026-02-15,revenue
2423,2025-09-30,earnings
2423,2025-12-31,earnings
2423,2026-02-15,revenue
2424,2025-09-30,earnings
2424,2025-12-31,earnings
2424,2026-02-15,revenue
2425,2025-09-30,earnings
2425,2025-12-31,earnings
2425,2026-02-15,revenue
2426,2025-09-30,earnings
2426,2025-12-31,earnings
2426,2026-02-15,revenue
2427,2025-09-30,earnings
2427,2025-12-31,earnings
2427,2026-02-15,revenue
2428,2025-06-30,earnings
2428,2025-12-31,earnings
2428,2026-02-15,revenue
2429,2025-09-30,earnings
2429,2025-12-31,earnings
2429,2026-02-15,revenue
2430,2025-09-30,earnings
2430,2025-12-31,earnings
2430,2026-02-15,revenue
2431,2025-09-30,earnings
2431,2025-12-31,earnings
2431,2026-02-15,revenue
2432,2025-06-30,earnings
2432,2025-12-31,earnings
2432,2026-02-15,revenue
2433,2025-09-30,earnings
2433,2025-12-31,earnings
2433,2026-02-15,revenue
2434,2025-09-30,earnings
2434,2025-12-31,earnings
2434,2026-02-15,revenue
2436,2025-09-30,earnings
2436,2025-12-31,earnings
2436,2026-02-15,revenue
2438,2025-09-30,earnings
2438,2025-12-31,earnings
2438,2026-02-15,revenue
2439,2025-06-30,earnings
2439,2025-12-31,earnings
2439,2026-02-15,revenue
2440,2025-09-30,earnings
2440,2025-12-31,earnings
2440,2026-02-15,revenue
2441,2025-06-30,earnings
2441,2025-12-31,earnings
2441,2026-02-15,revenue
2442,2025-09-30,earnings
2442,2025-12-31,earnings
2442,2026-02-15,revenue
2444,2025-09-30,earnings
2444,2025-12-31,earnings
2444,2026-02-15,revenue
2449,2025-09-30,earnings
2449,2025-12-31,earnings
2449,2026-02-15,revenue
2450,2025-06-30,earnings
2450,2025-12-31,earnings
2450,2026-02-15,revenue
2451,2025-06-30,earnings
2451,2025-12-31,earnings
2451,2026-02-15,revenue
2453,2025-09-30,earnings
2453,2025-12-31,earnings
2453,2026-02-15,revenue
2454,2025-09-30,earnings
2454,2025-12-31,earnings
2454,2026-02-15,revenue
2455,2025-06-30,earnings
2455,2025-12-31,earnings
2455,2026-02-15,revenue
2457,2025-09-30,earnings
2457,2025-12-31,earnings
2457,2026-02-15,revenue
2458,2025-09-30,earnings
2458,2025-12-31,earnings
2458,2026-02-15,revenue
2459,2025-09-30,earnings
2459,2025-12-31,earnings
2459,2026-02-15,revenue
2460,2025-09-30,earnings
2460,2025-12-31,earnings
2460,2026-02-15,revenue
2461,2025-09-30,earnings
2461,2025-12-31,earnings
2461,2026-02-15,revenue
2462,2025-09-30,earnings
2462,2025-12-31,earnings
2462,2026-02-15,revenue
2464,2025-09-30,earnings
2464,2025-12-31,earnings
2464,2026-02-15,revenue
2465,2025-09-30,earnings
2465,2025-12-31,earnings
2465,2026-02-15,revenue
2466,2025-09-30,earnings
2466,2025-12-31,earnings
2466,2026-02-15,revenue
2467,2025-06-30,earnings
2467,2025-09-30,earnings
2467,2026-02-15,revenue
2468,2025-09-30,earnings
2468,2025-12-31,earnings
2468,2026-02-15,revenue
2471,2025-06-30,earnings
2471,2025-09-30,earnings
2471,2026-02-15,revenue
2472,2025-09-30,earnings
2472,2025-12-31,earnings
2472,2026-02-15,revenue
2474,2025-06-30,earnings
2474,2025-12-31,earnings
2474,2026-02-15,revenue
2476,2025-06-30,earnings
2476,2025-12-31,earnings
2476,2026-02-15,revenue
2477,2025-09-30,earnings
2477,2025-12-31,earnings
2477,2026-02-15,revenue
2478,2025-06-30,earnings
2478,2025-12-31,earnings
2478,2026-02-15,revenue
2480,2025-06-30,earnings
2480,2025-12-31,earnings
2480,2026-02-15,revenue
2481,2025-09-30,earnings
2481,2025-12-31,earnings
2481,2026-02-15,revenue
2482,2025-09-30,earnings
2482,2025-12-31,earnings
2482,2026-02-15,revenue
2483,2025-09-30,earnings
2483,2025-12-31,earnings
2483,2026-02-15,revenue
2484,2025-06-30,earnings
2484,2025-12-31,earnings
2484,2026-02-15,revenue
2485,2025-09-30,earnings
2485,2025-12-31,earnings
2485,2026-02-15,revenue
2486,2025-09-30,earnings
2486,2025-12-31,earnings
2486,2026-02-15,revenue
2488,2025-06-30,earnings
2488,2025-12-31,earnings
2488,2026-02-15,revenue
2489,2025-09-30,earnings
2489,2025-12-31,earnings
2489,2026-02-15,revenue
2491,2025-09-30,earnings
2491,2025-12-31,earnings
2491,2026-02-15,revenue
2492,2025-06-30,earnings
2492,2025-12-31,earnings
2492,2026-02-15,revenue
2493,2025-09-30,earnings
2493,2025-12-31,earnings
2493,2026-02-15,revenue
2495,2025-09-30,earnings
2495,2025-12-31,earnings
2495,2026-02-15,revenue
2496,2025-09-30,earnings
2496,2025-12-31,earnings
2496,2026-02-15,revenue
2497,2025-09-30,earnings
2497,2025-12-31,earnings
2497,2026-02-15,revenue
2498,2025-09-30,earnings
2498,2025-12-31,earnings
2498,2026-02-15,revenue
2501,2025-09-30,earnings
2501,2025-12-31,earnings
2501,2026-02-15,revenue
2504,2025-09-30,earnings
2504,2025-12-31,earnings
2504,2026-02-15,revenue
2505,2025-09-30,earnings
2505,2025-12-31,earnings
2505,2026-02-15,revenue
2506,2025-09-30,earnings
2506,2025-12-31,earnings
2506,2026-02-15,revenue
2509,2025-09-30,earnings
2509,2025-12-31,earnings
2509,2026-02-15,revenue
2511,2025-09-30,earnings
2511,2025-12-31,earnings
2511,2026-02-15,revenue
2514,2025-09-30,earnings
2514,2025-12-31,earnings
2514,2026-02-15,revenue
2515,2025-09-30,earnings
2515,2025-12-31,earnings
2515,2026-02-15,revenue
2516,2025-09-30,earnings
2516,2025-12-31,earnings
2516,2026-02-15,revenue
2520,2025-09-30,earnings
2520,2025-12-31,earnings
2520,2026-02-15,revenue
2524,2025-09-30,earnings
2524,2025-12-31,earnings
2524,2026-02-15,revenue
2527,2025-09-30,earnings
2527,2025-12-31,earnings
2527,2026-02-15,revenue
2528,2025-06-30,earnings
2528,2025-12-31,earnings
2528,2026-02-15,revenue
2530,2025-09-30,earnings
2530,2025-12-31,earnings
2530,2026-02-15,revenue
2534,2025-09-30,earnings
2534,2025-12-31,earnings
2534,2026-02-15,revenue
2535,2025-09-30,earnings
2535,2025-12-31,earnings
2535,2026-02-15,revenue
2536,2025-09-30,earnings
2536,2025-12-31,earnings
2536,2026-02-15,revenue
2537,2025-06-30,earnings
2537,2025-12-31,earnings
2537,2026-02-15,revenue
2538,2025-09-30,earnings
2538,2025-12-31,earnings
2538,2026-02-15,revenue
2539,2025-09-30,earnings
2539,2025-12-31,earnings
2539,2026-02-15,revenue
2540,2025-09-30,earnings
2540,2025-12-31,earnings
2540,2026-02-15,revenue
2542,2025-09-30,earnings
2542,2025-12-31,earnings
2542,2026-02-15,revenue
2543,2025-09-30,earnings
2543,2025-12-31,earnings
2543,2026-02-15,revenue
2545,2025-09-30,earnings
2545,2025-12-31,earnings
2545,2026-02-15,revenue
2546,2025-09-30,earnings
2546,2025-12-31,earnings
2546,2026-02-15,revenue
2547,2025-09-30,earnings
2547,2025-12-31,earnings
2547,2026-02-15,revenue
2548,2025-06-30,earnings
2548,2025-12-31,earnings
2548,2026-02-15,revenue
2597,2025-09-30,earnings
2597,2025-12-31,earnings
2597,2026-02-15,revenue
2601,2025-09-30,earnings
2601,2025-12-31,earnings
2601,2026-02-15,revenue
2603,2025-09-30,earnings
2603,2025-12-31,earnings
2603,2026-02-15,revenue
2605,2025-09-30,earnings
2605,2025-12-31,earnings
2605,2026-02-15,revenue
2606,2025-09-30,earnings
2606,2025-12-31,earnings
2606,2026-02-15,revenue
2607,2025-09-30,earnings
2607,2025-12-31,earnings
2607,2026-02-15,revenue
2608,2025-09-30,earnings
2608,2025-12-31,earnings
2608,2026-02-15,revenue
2609,2025-09-30,earnings
2609,2025-12-31,earnings
2609,2026-02-15,revenue
2610,2025-06-30,earnings
2610,2025-09-30,earnings
2610,2026-02-15,revenue
2611,2025-09-30,earnings
2611,2025-12-31,earnings
2611,2026-02-15,revenue
2612,2025-09-30,earnings
2612,2025-12-31,earnings
2612,2026-02-15,revenue
2613,2025-09-30,earnings
2613,2025-12-31,earnings
2613,2026-02-15,revenue
2614,2025-09-30,earnings
2614,2025-12-31,earnings
2614,2026-02-15,revenue
2615,2025-09-30,earnings
2615,2025-12-31,earnings
2615,2026-02-15,revenue
2616,2025-09-30,earnings
2616,2025-12-31,earnings
2616,2026-02-15,revenue
2617,2025-06-30,earnings
2617,2025-12-31,earnings
2617,2026-02-15,revenue
2618,2025-09-30,earnings
2618,2025-12-31,earnings
2618,2026-02-15,revenue
2630,2025-09-30,earnings
2630,2025-12-31,earnings
2630,2026-02-15,revenue
2633,2025-06-30,earnings
2633,2025-12-31,earnings
2633,2026-02-15,revenue
2634,2025-09-30,earnings
2634,2025-12-31,earnings
2634,2026-02-15,revenue
2636,2025-06-30,earnings
2636,2025-12-31,earnings
2636,2026-02-15,revenue
2637,2025-09-30,earnings
2637,2025-12-31,earnings
2637,2026-02-15,revenue
2642,2025-09-30,earnings
2642,2025-12-31,earnings
2642,2026-02-15,revenue
2645,2025-09-30,earnings
2645,2025-12-31,earnings
2645,2026-02-15,revenue
2646,2025-09-30,earnings
2646,2025-12-31,earnings
2646,2026-02-15,revenue
2701,2025-09-30,earnings
2701,2025-12-31,earnings
2701,2026-02-15,revenue
2702,2025-09-30,earnings
2702,2025-12-31,earnings
2702,2026-02-15,revenue
2704,2025-06-30,earnings
2704,2025-12-31,earnings
2704,2026-02-15,revenue
2705,2025-09-30,earnings
2705,2025-12-31,earnings
2705,2026-02-15,revenue
2706,2025-09-30,earnings
2706,2025-12-31,earnings
2706,2026-02-15,revenue
2707,2025-09-30,earnings
2707,2025-12-31,earnings
2707,2026-02-15,revenue
2712,2025-09-30,earnings
2712,2025-12-31,earnings
2712,2026-02-15,revenue
2722,2025-09-30,earnings
2722,2025-12-31,earnings
2722,2026-02-15,revenue
2723,2025-09-30,earnings
2723,2025-12-31,earnings
2723,2026-02-15,revenue
2727,2025-09-30,earnings
2727,2025-12-31,earnings
2727,2026-02-15,revenue
2731,2025-09-30,earnings
2731,2025-12-31,earnings
2731,2026-02-15,revenue
2739,2025-09-30,earnings
2739,2025-12-31,earnings
2739,2026-02-15,revenue
2748,2025-09-30,earnings
2748,2025-12-31,earnings
2748,2026-02-15,revenue
2753,2025-09-30,earnings
2753,2025-12-31,earnings
2753,2026-02-15,revenue
2762,2025-09-30,earnings
2762,2025-12-31,earnings
2762,2026-02-15,revenue
2801,2025-09-30,earnings
2801,2025-12-31,earnings
2801,2026-02-15,revenue
2812,2025-09-30,earnings
2812,2025-12-31,earnings
2812,2026-02-15,revenue
2816,2025-09-30,earnings
2816,2025-12-31,earnings
2816,2026-02-15,revenue
2820,2025-09-30,earnings
2820,2025-12-31,earnings
2820,2026-02-15,revenue
2832,2025-06-30,earnings
2832,2025-12-31,earnings
2832,2026-02-15,revenue
2834,2025-09-30,earnings
2834,2025-12-31,earnings
2834,2026-02-15,revenue
2836,2025-09-30,earnings
2836,2025-12-31,earnings
2836,2026-02-15,revenue
2838,2025-09-30,earnings
2838,2025-12-31,earnings
2838,2026-02-15,revenue
2845,2025-09-30,earnings
2845,2025-12-31,earnings
2845,2026-02-15,revenue
2849,2025-09-30,earnings
2849,2025-12-31,earnings
2849,2026-02-15,revenue
2850,2025-09-30,earnings
2850,2025-12-31,earnings
2850,2026-02-15,revenue
2851,2025-06-30,earnings
2851,2025-12-31,earnings
2851,2026-02-15,revenue
2852,2025-09-30,earnings
2852,2025-12-31,earnings
2852,2026-02-15,revenue
2855,2025-09-30,earnings
2855,2025-12-31,earnings
2855,2026-02-15,revenue
2867,2025-09-30,earnings
2867,2025-12-31,earnings
2867,2026-02-15,revenue
2880,2025-09-30,earnings
2880,2025-12-31,earnings
2880,2026-02-15,revenue
2881,2025-09-30,earnings
2881,2025-12-31,earnings
2881,2026-02-15,revenue
2882,2025-09-30,earnings
2882,2025-12-31,earnings
2882,2026-02-15,revenue
2883,2025-09-30,earnings
2883,2025-12-31,earnings
2883,2026-02-15,revenue
2884,2025-09-30,earnings
2884,2025-12-31,earnings
2884,2026-02-15,revenue
2885,2025-09-30,earnings
2885,2025-12-31,earnings
2885,2026-02-15,revenue
2886,2025-09-30,earnings
2886,2025-12-31,earnings
2886,2026-02-15,revenue
2887,2025-09-30,earnings
2887,2025-12-31,earnings
2887,2026-02-15,revenue
2889,2025-09-30,earnings
2889,2025-12-31,earnings
2889,2026-02-15,revenue
2890,2025-09-30,earnings
2890,2025-12-31,earnings
2890,2026-02-15,revenue
2891,2025-09-30,earnings
2891,2025-12-31,earnings
2891,2026-02-15,revenue
2892,2025-09-30,earnings
2892,2025-12-31,earnings
2892,2026-02-15,revenue
2897,2025-09-30,earnings
2897,2025-12-31,earnings
2897,2026-02-15,revenue
2901,2025-09-30,earnings
2901,2025-12-31,earnings
2901,2026-02-15,revenue
2903,2025-09-30,earnings
2903,2025-12-31,earnings
2903,2026-02-15,revenue
2904,2025-09-30,earnings
2904,2025-12-31,earnings
2904,2026-02-15,revenue
2905,2025-09-30,earnings
2905,2025-12-31,earnings
2905,2026-02-15,revenue
2906,2025-09-30,earnings
2906,2025-12-31,earnings
2906,2026-02-15,revenue
2908,2025-09-30,earnings
2908,2025-12-31,earnings
2908,2026-02-15,revenue
2910,2025-09-30,earnings
2910,2025-12-31,earnings
2910,2026-02-15,revenue
2911,2025-09-30,earnings
2911,2025-12-31,earnings
2911,2026-02-15,revenue
2912,2025-06-30,earnings
2912,2025-12-31,earnings
2912,2026-02-15,revenue
2913,2025-09-30,earnings
2913,2025-12-31,earnings
2913,2026-02-15,revenue
2915,2025-09-30,earnings
2915,2025-12-31,earnings
2915,2026-02-15,revenue
2923,2025-09-30,earnings
2923,2025-12-31,earnings
2923,2026-02-15,revenue
2929,2025-09-30,earnings
2929,2025-12-31,earnings
2929,2026-02-15,revenue
2939,2025-09-30,earnings
2939,2025-12-31,earnings
2939,2026-02-15,revenue
2945,2025-09-30,earnings
2945,2025-12-31,earnings
2945,2026-02-15,revenue
3002,2025-09-30,earnings
3002,2025-12-31,earnings
3002,2026-02-15,revenue
3003,2025-09-30,earnings
3003,2025-12-31,earnings
3003,2026-02-15,revenue
3004,2025-09-30,earnings
3004,2025-12-31,earnings
3004,2026-02-15,revenue
3005,2025-09-30,earnings
3005,2025-12-31,earnings
3005,2026-02-15,revenue
3006,2025-06-30,earnings
3006,2025-12-31,earnings
3006,2026-02-15,revenue
3008,2025-06-30,earnings
3008,2025-12-31,earnings
3008,2026-02-15,revenue
3010,2025-09-30,earnings
3010,2025-12-31,earnings
3010,2026-02-15,revenue
3011,2025-09-30,earnings
3011,2025-12-31,earnings
3011,2026-02-15,revenue
3013,2025-06-30,earnings
3013,2025-12-31,earnings
3013,2026-02-15,revenue
3014,2025-09-30,earnings
3014,2025-12-31,earnings
3014,2026-02-15,revenue
3015,2025-06-30,earnings
3015,2025-12-31,earnings
3015,2026-02-15,revenue
3016,2025-09-30,earnings
3016,2025-12-31,earnings
3016,2026-02-15,revenue
3017,2025-09-30,earnings
3017,2025-12-31,earnings
3017,2026-02-15,revenue
3018,2025-09-30,earnings
3018,2025-12-31,earnings
3018,2026-02-15,revenue
3019,2025-09-30,earnings
3019,2025-12-31,earnings
3019,2026-02-15,revenue
3021,2025-09-30,earnings
3021,2025-12-31,earnings
3021,2026-02-15,revenue
3022,2025-09-30,earnings
3022,2025-12-31,earnings
3022,2026-02-15,revenue
3023,2025-06-30,earnings
3023,2025-12-31,earnings
3023,2026-02-15,revenue
3024,2025-09-30,earnings
3024,2025-12-31,earnings
3024,2026-02-15,revenue
3025,2025-09-30,earnings
3025,2025-12-31,earnings
3025,2026-02-15,revenue
3026,2025-06-30,earnings
3026,2025-12-31,earnings
3026,2026-02-15,revenue
3027,2025-06-30,earnings
3027,2025-12-31,earnings
3027,2026-02-15,revenue
3028,2025-09-30,earnings
3028,2025-12-31,earnings
3028,2026-02-15,revenue
3029,2025-06-30,earnings
3029,2025-12-31,earnings
3029,2026-02-15,revenue
3030,2025-06-30,earnings
3030,2025-12-31,earnings
3030,2026-02-15,revenue
3031,2025-09-30,earnings
3031,2025-12-31,earnings
3031,2026-02-15,revenue
3032,2025-09-30,earnings
3032,2025-12-31,earnings
3032,2026-02-15,revenue
3033,2025-09-30,earnings
3033,2025-12-31,earnings
3033,2026-02-15,revenue
3034,2025-06-30,earnings
3034,2025-12-31,earnings
3034,2026-02-15,revenue
3035,2025-06-30,earnings
3035,2025-12-31,earnings
3035,2026-02-15,revenue
3036,2025-06-30,earnings
3036,2025-09-30,earnings
3036,2026-02-15,revenue
3037,2025-09-30,earnings
3037,2025-12-31,earnings
3037,2026-02-15,revenue
3038,2025-09-30,earnings
3038,2025-12-31,earnings
3038,2026-02-15,revenue
3040,2025-09-30,earnings
3040,2025-12-31,earnings
3040,2026-02-15,revenue
3041,2025-09-30,earnings
3041,2025-12-31,earnings
3041,2026-02-15,revenue
3042,2025-09-30,earnings
3042,2025-12-31,earnings
3042,2026-02-15,revenue
3043,2025-09-30,earnings
3043,2025-12-31,earnings
3043,2026-02-15,revenue
3044,2025-09-30,earnings
3044,2025-12-31,earnings
3044,2026-02-15,revenue
3045,2025-09-30,earnings
3045,2025-12-31,earnings
3045,2026-02-15,revenue
3046,2025-09-30,earnings
3046,2025-12-31,earnings
3046,2026-02-15,revenue
3047,2025-09-30,earnings
3047,2025-12-31,earnings
3047,2026-02-15,revenue
3048,2025-09-30,earnings
3048,2025-12-31,earnings
3048,2026-02-15,revenue
3049,2025-09-30,earnings
3049,2025-12-31,earnings
3049,2026-02-15,revenue
3050,2025-09-30,earnings
3050,2025-12-31,earnings
3050,2026-02-15,revenue
3051,2025-09-30,earnings
3051,2025-12-31,earnings
3051,2026-02-15,revenue
3052,2025-09-30,earnings
3052,2025-12-31,earnings
3052,2026-02-15,revenue
3054,2025-06-30,earnings
3054,2025-12-31,earnings
3054,2026-02-15,revenue
3055,2025-06-30,earnings
3055,2025-12-31,earnings
3055,2026-02-15,revenue
3056,2025-09-30,earnings
3056,2025-12-31,earnings
3056,2026-02-15,revenue
3057,2025-09-30,earnings
3057,2025-12-31,earnings
3057,2026-02-15,revenue
3058,2025-09-30,earnings
3058,2025-12-31,earnings
3058,2026-02-15,revenue
3059,2025-06-30,earnings
3059,2025-12-31,earnings
3059,2026-02-15,revenue
3060,2025-09-30,earnings
3060,2025-12-31,earnings
3060,2026-02-15,revenue
3062,2025-09-30,earnings
3062,2025-12-31,earnings
3062,2026-02-15,revenue
3090,2025-09-30,earnings
3090,2025-12-31,earnings
3090,2026-02-15,revenue
3092,2025-09-30,earnings
3092,2025-12-31,earnings
3092,2026-02-15,revenue
3094,2025-09-30,earnings
3094,2025-12-31,earnings
3094,2026-02-15,revenue
3130,2025-09-30,earnings
3130,2025-12-31,earnings
3130,2026-02-15,revenue
3135,2025-09-30,earnings
3135,2025-12-31,earnings
3135,2026-02-15,revenue
3138,2025-09-30,earnings
3138,2025-12-31,earnings
3138,2026-02-15,revenue
3149,2025-09-30,earnings
3149,2025-12-31,earnings
3149,2026-02-15,revenue
3150,2025-09-30,earnings
3150,2025-12-31,earnings
3150,2026-02-15,revenue
3164,2025-09-30,earnings
3164,2025-12-31,earnings
3164,2026-02-15,revenue
3167,2025-09-30,earnings
3167,2025-12-31,earnings
3167,2026-02-15,revenue
3168,2025-06-30,earnings
3168,2025-12-31,earnings
3168,2026-02-15,revenue
3189,2025-09-30,earnings
3189,2025-12-31,earnings
3189,2026-02-15,revenue
3209,2025-09-30,earnings
3209,2025-12-31,earnings
3209,2026-02-15,revenue
3229,2025-09-30,earnings
3229,2025-12-31,earnings
3229,2026-02-15,revenue
3231,2025-09-30,earnings
3231,2025-12-31,earnings
3231,2026-02-15,revenue
3257,2025-06-30,earnings
3257,2025-12-31,earnings
3257,2026-02-15,revenue
3266,2025-09-30,earnings
3266,2025-12-31,earnings
3266,2026-02-15,revenue
3296,2025-09-30,earnings
3296,2025-12-31,earnings
3296,2026-02-15,revenue
3305,2025-09-30,earnings
3305,2025-12-31,earnings
3305,2026-02-15,revenue
3308,2025-09-30,earnings
3308,2025-12-31,earnings
3308,2026-02-15,revenue
3311,2025-06-30,earnings
3311,2025-12-31,earnings
3311,2026-02-15,revenue
3312,2025-09-30,earnings
3312,2025-12-31,earnings
3312,2026-02-15,revenue
3321,2025-09-30,earnings
3321,2025-12-31,earnings
3321,2026-02-15,revenue
3338,2025-06-30,earnings
3338,2025-12-31,earnings
3338,2026-02-15,revenue
3346,2025-09-30,earnings
3346,2025-12-31,earnings
3346,2026-02-15,revenue
3356,2025-09-30,earnings
3356,2025-12-31,earnings
3356,2026-02-15,revenue
3376,2025-09-30,earnings
3376,2025-12-31,earnings
3376,2026-02-15,revenue
3380,2025-06-30,earnings
3380,2025-12-31,earnings
3380,2026-02-15,revenue
3406,2025-09-30,earnings
3406,2025-12-31,earnings
3406,2026-02-15,revenue
3413,2025-09-30,earnings
3413,2025-12-31,earnings
3413,2026-02-15,revenue
3416,2025-06-30,earnings
3416,2025-12-31,earnings
3416,2026-02-15,revenue
3419,2025-09-30,earnings
3419,2025-12-31,earnings
3419,2026-02-15,revenue
3432,2025-09-30,earnings
3432,2025-12-31,earnings
3432,2026-02-15,revenue
3437,2025-09-30,earnings
3437,2025-12-31,earnings
3437,2026-02-15,revenue
3443,2025-06-30,earnings
3443,2025-12-31,earnings
3443,2026-02-15,revenue
3447,2025-09-30,earnings
3447,2025-12-31,earnings
3447,2026-02-15,revenue
3450,2025-09-30,earnings
3450,2025-12-31,earnings
3450,2026-02-15,revenue
3481,2025-09-30,earnings
3481,2025-12-31,earnings
3481,2026-02-15,revenue
3494,2025-09-30,earnings
3494,2025-12-31,earnings
3494,2026-02-15,revenue
3501,2025-09-30,earnings
3501,2025-12-31,earnings
3501,2026-02-15,revenue
3504,2025-06-30,earnings
3504,2025-12-31,earnings
3504,2026-02-15,revenue
3515,2025-06-30,earnings
3515,2025-12-31,earnings
3515,2026-02-15,revenue
3518,2025-09-30,earnings
3518,2025-12-31,earnings
3518,2026-02-15,revenue
3528,2025-09-30,earnings
3528,2025-12-31,earnings
3528,2026-02-15,revenue
3530,2025-06-30,earnings
3530,2025-12-31,earnings
3530,2026-02-15,revenue
3532,2025-09-30,earnings
3532,2025-12-31,earnings
3532,2026-02-15,revenue
3533,2025-09-30,earnings
3533,2025-12-31,earnings
3533,2026-02-15,revenue
3535,2025-09-30,earnings
3535,2025-12-31,earnings
3535,2026-02-15,revenue
3543,2025-09-30,earnings
3543,2025-12-31,earnings
3543,2026-02-15,revenue
3545,2025-09-30,earnings
3545,2025-12-31,earnings
3545,2026-02-15,revenue
3550,2025-09-30,earnings
3550,2025-12-31,earnings
3550,2026-02-15,revenue
3557,2025-09-30,earnings
3557,2025-12-31,earnings
3557,2026-02-15,revenue
3563,2025-09-30,earnings
3563,2025-12-31,earnings
3563,2026-02-15,revenue
3576,2025-09-30,earnings
3576,2025-12-31,earnings
3576,2026-02-15,revenue
3583,2025-09-30,earnings
3583,2025-12-31,earnings
3583,2026-02-15,revenue
3588,2025-09-30,earnings
3588,2025-12-31,earnings
3588,2026-02-15,revenue
3591,2025-06-30,earnings
3591,2025-12-31,earnings
3591,2026-02-15,revenue
3592,2025-06-30,earnings
3592,2025-12-31,earnings
3592,2026-02-15,revenue
3593,2025-09-30,earnings
3593,2025-12-31,earnings
3593,2026-02-15,revenue
3596,2025-06-30,earnings
3596,2025-12-31,earnings
3596,2026-02-15,revenue
3605,2025-09-30,earnings
3605,2025-12-31,earnings
3605,2026-02-15,revenue
3607,2025-09-30,earnings
3607,2025-12-31,earnings
3607,2026-02-15,revenue
3617,2025-09-30,earnings
3617,2025-12-31,earnings
3617,2026-02-15,revenue
3622,2025-09-30,earnings
3622,2025-12-31,earnings
3622,2026-02-15,revenue
3645,2025-09-30,earnings
3645,2025-12-31,earnings
3645,2026-02-15,revenue
3652,2025-09-30,earnings
3652,2025-12-31,earnings
3652,2026-02-15,revenue
3653,2025-09-30,earnings
3653,2025-12-31,earnings
3653,2026-02-15,revenue
3661,2025-09-30,earnings
3661,2025-12-31,earnings
3661,2026-02-15,revenue
3665,2025-09-30,earnings
3665,2025-12-31,earnings
3665,2026-02-15,revenue
3669,2025-09-30,earnings
3669,2025-12-31,earnings
3669,2026-02-15,revenue
3673,2025-09-30,earnings
3673,2025-12-31,earnings
3673,2026-02-15,revenue
3679,2025-06-30,earnings
3679,2025-12-31,earnings
3679,2026-02-15,revenue
3686,2025-09-30,earnings
3686,2025-12-31,earnings
3686,2026-02-15,revenue
3694,2025-09-30,earnings
3694,2025-12-31,earnings
3694,2026-02-15,revenue
3701,2025-09-30,earnings
3701,2025-12-31,earnings
3701,2026-02-15,revenue
3702,2025-09-30,earnings
3702,2025-12-31,earnings
3702,2026-02-15,revenue
3703,2025-09-30,earnings
3703,2025-12-31,earnings
3703,2026-02-15,revenue
3704,2025-06-30,earnings
3704,2025-12-31,earnings
3704,2026-02-15,revenue
3705,2025-09-30,earnings
3705,2025-12-31,earnings
3705,2026-02-15,revenue
3706,2025-09-30,earnings
3706,2025-12-31,earnings
3706,2026-02-15,revenue
3708,2025-09-30,earnings
3708,2025-12-31,earnings
3708,2026-02-15,revenue
3711,2025-09-30,earnings
3711,2025-12-31,earnings
3711,2026-02-15,revenue
3712,2025-09-30,earnings
3712,2025-12-31,earnings
3712,2026-02-15,revenue
3714,2025-09-30,earnings
3714,2025-12-31,earnings
3714,2026-02-15,revenue
3715,2025-06-30,earnings
3715,2025-09-30,earnings
3715,2026-02-15,revenue
3716,2025-09-30,earnings
3716,2025-12-31,earnings
3716,2026-02-15,revenue
3717,2025-09-30,earnings
3717,2025-12-31,earnings
4104,2025-09-30,earnings
4104,2025-12-31,earnings
4104,2026-02-15,revenue
4106,2025-09-30,earnings
4106,2025-12-31,earnings
4106,2026-02-15,revenue
4108,2025-09-30,earnings
4108,2025-12-31,earnings
4108,2026-02-15,revenue
4119,2025-09-30,earnings
4119,2025-12-31,earnings
4119,2026-02-15,revenue
4133,2025-09-30,earnings
4133,2025-12-31,earnings
4133,2026-02-15,revenue
4137,2025-09-30,earnings
4137,2025-12-31,earnings
4137,2026-02-15,revenue
4142,2025-09-30,earnings
4142,2025-12-31,earnings
4142,2026-02-15,revenue
4148,2025-09-30,earnings
4148,2025-12-31,earnings
4148,2026-02-15,revenue
4155,2025-09-30,earnings
4155,2025-12-31,earnings
4155,2026-02-15,revenue
4164,2025-06-30,earnings
4164,2025-12-31,earnings
4164,2026-02-15,revenue
4190,2025-09-30,earnings
4190,2025-12-31,earnings
4190,2026-02-15,revenue
4306,2025-09-30,earnings
4306,2025-12-31,earnings
4306,2026-02-15,revenue
4414,2025-09-30,earnings
4414,2025-12-31,earnings
4414,2026-02-15,revenue
4426,2025-09-30,earnings
4426,2025-12-31,earnings
4426,2026-02-15,revenue
4438,2025-06-30,earnings
4438,2025-12-31,earnings
4438,2026-02-15,revenue
4439,2025-09-30,earnings
4439,2025-12-31,earnings
4439,2026-02-15,revenue
4440,2025-09-30,earnings
4440,2025-12-31,earnings
4440,2026-02-15,revenue
4441,2025-06-30,earnings
4441,2025-12-31,earnings
4441,2026-02-15,revenue
4526,2025-09-30,earnings
4526,2025-12-31,earnings
4526,2026-02-15,revenue
4532,2025-09-30,earnings
4532,2025-12-31,earnings
4532,2026-02-15,revenue
4536,2025-09-30,earnings
4536,2025-12-31,earnings
4536,2026-02-15,revenue
4540,2025-09-30,earnings
4540,2025-12-31,earnings
4540,2026-02-15,revenue
4545,2025-06-30,earnings
4545,2025-12-31,earnings
4545,2026-02-15,revenue
4551,2025-09-30,earnings
4551,2025-12-31,earnings
4551,2026-02-15,revenue
4552,2025-09-30,earnings
4552,2025-12-31,earnings
4552,2026-02-15,revenue
4555,2025-06-30,earnings
4555,2025-12-31,earnings
4555,2026-02-15,revenue
4557,2025-09-30,earnings
4557,2025-12-31,earnings
4557,2026-02-15,revenue
4560,2025-09-30,earnings
4560,2025-12-31,earnings
4560,2026-02-15,revenue
4562,2025-09-30,earnings
4562,2025-12-31,earnings
4562,2026-02-15,revenue
4564,2025-09-30,earnings
4564,2025-12-31,earnings
4564,2026-02-15,revenue
4566,2025-09-30,earnings
4566,2025-12-31,earnings
4566,2026-02-15,revenue
4569,2025-09-30,earnings
4569,2025-12-31,earnings
4569,2026-02-15,revenue
4571,2025-09-30,earnings
4571,2025-12-31,earnings
4571,2026-02-15,revenue
4572,2025-09-30,earnings
4572,2025-12-31,earnings
4572,2026-02-15,revenue
4576,2025-09-30,earnings
4576,2025-12-31,earnings
4576,2026-02-15,revenue
4581,2025-09-30,earnings
4581,2025-12-31,earnings
4581,2026-02-15,revenue
4583,2025-06-30,earnings
4583,2025-12-31,earnings
4583,2026-02-15,revenue
4585,2025-09-30,earnings
4585,2025-12-31,earnings
4585,2026-02-15,revenue
4588,2025-09-30,earnings
4588,2025-12-31,earnings
4588,2026-02-15,revenue
4590,2025-09-30,earnings
4590,2025-12-31,earnings
4590,2026-02-15,revenue
4720,2025-09-30,earnings
4720,2025-12-31,earnings
4720,2026-02-15,revenue
4722,2025-09-30,earnings
4722,2025-12-31,earnings
4722,2026-02-15,revenue
4736,2025-09-30,earnings
4736,2025-12-31,earnings
4736,2026-02-15,revenue
4737,2025-09-30,earnings
4737,2025-12-31,earnings
4737,2026-02-15,revenue
4739,2025-09-30,earnings
4739,2025-12-31,earnings
4739,2026-02-15,revenue
4746,2025-09-30,earnings
4746,2025-12-31,earnings
4746,2026-02-15,revenue
4755,2025-09-30,earnings
4755,2025-12-31,earnings
4755,2026-02-15,revenue
4763,2025-09-30,earnings
4763,2025-12-31,earnings
4763,2026-02-15,revenue
4764,2025-09-30,earnings
4764,2025-12-31,earnings
4764,2026-02-15,revenue
4766,2025-09-30,earnings
4766,2025-12-31,earnings
4766,2026-02-15,revenue
4770,2025-09-30,earnings
4770,2025-12-31,earnings
4770,2026-02-15,revenue
4771,2025-09-30,earnings
4771,2025-12-31,earnings
4771,2026-02-15,revenue
4807,2025-09-30,earnings
4807,2025-12-31,earnings
4807,2026-02-15,revenue
4904,2025-09-30,earnings
4904,2025-12-31,earnings
4904,2026-02-15,revenue
4906,2025-09-30,earnings
4906,2025-12-31,earnings
4906,2026-02-15,revenue
4912,2025-09-30,earnings
4912,2025-12-31,earnings
4912,2026-02-15,revenue
4915,2025-06-30,earnings
4915,2025-12-31,earnings
4915,2026-02-15,revenue
4916,2025-09-30,earnings
4916,2025-12-31,earnings
4916,2026-02-15,revenue
4919,2025-06-30,earnings
4919,2025-12-31,earnings
4919,2026-02-15,revenue
4927,2025-09-30,earnings
4927,2025-12-31,earnings
4927,2026-02-15,revenue
4930,2025-09-30,earnings
4930,2025-12-31,earnings
4930,2026-02-15,revenue
4934,2025-09-30,earnings
4934,2025-12-31,earnings
4934,2026-02-15,revenue
4935,2025-09-30,earnings
4935,2025-12-31,earnings
4935,2026-02-15,revenue
4938,2025-09-30,earnings
4938,2025-12-31,earnings
4938,2026-02-15,revenue
4942,2025-09-30,earnings
4942,2025-12-31,earnings
4942,2026-02-15,revenue
4943,2025-09-30,earnings
4943,2025-12-31,earnings
4943,2026-02-15,revenue
4949,2025-09-30,earnings
4949,2025-12-31,earnings
4949,2026-02-15,revenue
4952,2025-06-30,earnings
4952,2025-12-31,earnings
4952,2026-02-15,revenue
4956,2025-09-30,earnings
4956,2025-12-31,earnings
4956,2026-02-15,revenue
4958,2025-09-30,earnings
4958,2025-12-31,earnings
4958,2026-02-15,revenue
4960,2025-09-30,earnings
4960,2025-12-31,earnings
4960,2026-02-15,revenue
4961,2025-06-30,earnings
4961,2025-12-31,earnings
4961,2026-02-15,revenue
4967,2025-09-30,earnings
4967,2025-12-31,earnings
4967,2026-02-15,revenue
4968,2025-06-30,earnings
4968,2025-12-31,earnings
4968,2026-02-15,revenue
4976,2025-09-30,earnings
4976,2025-12-31,earnings
4976,2026-02-15,revenue
4977,2025-09-30,earnings
4977,2025-12-31,earnings
4977,2026-02-15,revenue
4989,2025-09-30,earnings
4989,2025-12-31,earnings
4989,2026-02-15,revenue
4994,2025-09-30,earnings
4994,2025-12-31,earnings
4994,2026-02-15,revenue
4999,2025-09-30,earnings
4999,2025-12-31,earnings
4999,2026-02-15,revenue
5007,2025-09-30,earnings
5007,2025-12-31,earnings
5007,2026-02-15,revenue
5203,2025-06-30,earnings
5203,2025-12-31,earnings
5203,2026-02-15,revenue
5215,2025-09-30,earnings
5215,2025-12-31,earnings
5215,2026-02-15,revenue
5222,2025-06-30,earnings
5222,2025-12-31,earnings
5222,2026-02-15,revenue
5225,2025-06-30,earnings
5225,2025-12-31,earnings
5225,2026-02-15,revenue
5234,2025-09-30,earnings
5234,2025-12-31,earnings
5234,2026-02-15,revenue
5243,2025-09-30,earnings
5243,2025-12-31,earnings
5243,2026-02-15,revenue
5244,2025-09-30,earnings
5244,2025-12-31,earnings
5244,2026-02-15,revenue
5258,2025-09-30,earnings
5258,2025-12-31,earnings
5258,2026-02-15,revenue
5269,2025-09-30,earnings
5269,2025-12-31,earnings
5269,2026-02-15,revenue
5283,2025-09-30,earnings
5283,2025-12-31,earnings
5283,2026-02-15,revenue
5284,2025-09-30,earnings
5284,2025-12-31,earnings
5284,2026-02-15,revenue
5285,2025-09-30,earnings
5285,2025-12-31,earnings
5285,2026-02-15,revenue
5288,2025-06-30,earnings
5288,2025-12-31,earnings
5288,2026-02-15,revenue
5292,2025-09-30,earnings
5292,2025-12-31,earnings
5292,2026-02-15,revenue
5306,2025-09-30,earnings
5306,2025-12-31,earnings
5306,2026-02-15,revenue
5388,2025-06-30,earnings
5388,2025-12-31,earnings
5388,2026-02-15,revenue
5434,2025-06-30,earnings
5434,2025-12-31,earnings
5434,2026-02-15,revenue
5469,2025-06-30,earnings
5469,2025-12-31,earnings
5469,2026-02-15,revenue
5471,2025-09-30,earnings
5471,2025-12-31,earnings
5471,2026-02-15,revenue
5484,2025-09-30,earnings
5484,2025-12-31,earnings
5484,2026-02-15,revenue
5515,2025-09-30,earnings
5515,2025-12-31,earnings
5515,2026-02-15,revenue
5519,2025-09-30,earnings
5519,2025-12-31,earnings
5519,2026-02-15,revenue
5521,2025-09-30,earnings
5521,2025-12-31,earnings
5521,2026-02-15,revenue
5522,2025-09-30,earnings
5522,2025-12-31,earnings
5522,2026-02-15,revenue
5525,2025-09-30,earnings
5525,2025-12-31,earnings
5525,2026-02-15,revenue
5531,2025-09-30,earnings
5531,2025-12-31,earnings
5531,2026-02-15,revenue
5533,2025-09-30,earnings
5533,2025-12-31,earnings
5533,2026-02-15,revenue
5534,2025-09-30,earnings
5534,2025-12-31,earnings
5534,2026-02-15,revenue
5538,2025-09-30,earnings
5538,2025-12-31,earnings
5538,2026-02-15,revenue
5546,2025-09-30,earnings
5546,2025-12-31,earnings
5546,2026-02-15,revenue
5607,2025-06-30,earnings
5607,2025-12-31,earnings
5607,2026-02-15,revenue
5608,2025-09-30,earnings
5608,2025-12-31,earnings
5608,2026-02-15,revenue
5706,2025-09-30,earnings
5706,2025-12-31,earnings
5706,2026-02-15,revenue
5871,2025-09-30,earnings
5871,2025-12-31,earnings
5871,2026-02-15,revenue
5876,2025-09-30,earnings
5876,2025-12-31,earnings
5876,2026-02-15,revenue
5880,2025-09-30,earnings
5880,2025-12-31,earnings
5880,2026-02-15,revenue
5906,2025-09-30,earnings
5906,2025-12-31,earnings
5906,2026-02-15,revenue
5907,2025-09-30,earnings
5907,2025-12-31,earnings
5907,2026-02-15,revenue
6005,2025-09-30,earnings
6005,2025-12-31,earnings
6005,2026-02-15,revenue
6024,2025-09-30,earnings
6024,2025-12-31,earnings
6024,2026-02-15,revenue
6108,2025-09-30,earnings
6108,2025-12-31,earnings
6108,2026-02-15,revenue
6112,2025-06-30,earnings
6112,2025-12-31,earnings
6112,2026-02-15,revenue
6115,2025-09-30,earnings
6115,2025-12-31,earnings
6115,2026-02-15,revenue
6116,2025-09-30,earnings
6116,2025-12-31,earnings
6116,2026-02-15,revenue
6117,2025-09-30,earnings
6117,2025-12-31,earnings
6117,2026-02-15,revenue
6120,2025-09-30,earnings
6120,2025-12-31,earnings
6120,2026-02-15,revenue
6128,2025-09-30,earnings
6128,2025-12-31,earnings
6128,2026-02-15,revenue
6133,2025-09-30,earnings
6133,2025-12-31,earnings
6133,2026-02-15,revenue
6136,2025-09-30,earnings
6136,2025-12-31,earnings
6136,2026-02-15,revenue
6139,2025-09-30,earnings
6139,2025-12-31,earnings
6139,2026-02-15,revenue
6141,2025-09-30,earnings
6141,2025-12-31,earnings
6141,2026-02-15,revenue
6142,2025-09-30,earnings
6142,2025-12-31,earnings
6142,2026-02-15,revenue
6152,2025-09-30,earnings
6152,2025-12-31,earnings
6152,2026-02-15,revenue
6153,2025-09-30,earnings
6153,2025-12-31,earnings
6153,2026-02-15,revenue
6155,2025-09-30,earnings
6155,2025-12-31,earnings
6155,2026-02-15,revenue
6164,2025-09-30,earnings
6164,2025-12-31,earnings
6164,2026-02-15,revenue
6165,2025-09-30,earnings
6165,2025-12-31,earnings
6165,2026-02-15,revenue
6166,2025-09-30,earnings
6166,2025-12-31,earnings
6166,2026-02-15,revenue
6168,2025-09-30,earnings
6168,2025-12-31,earnings
6168,2026-02-15,revenue
6176,2025-06-30,earnings
6176,2025-12-31,earnings
6176,2026-02-15,revenue
6177,2025-06-30,earnings
6177,2025-12-31,earnings
6177,2026-02-15,revenue
6183,2025-06-30,earnings
6183,2025-12-31,earnings
6183,2026-02-15,revenue
6184,2025-09-30,earnings
6184,2025-12-31,earnings
6184,2026-02-15,revenue
6189,2025-09-30,earnings
6189,2025-12-31,earnings
6189,2026-02-15,revenue
6191,2025-06-30,earnings
6191,2025-12-31,earnings
6191,2026-02-15,revenue
6192,2025-09-30,earnings
6192,2025-12-31,earnings
6192,2026-02-15,revenue
6196,2025-09-30,earnings
6196,2025-12-31,earnings
6196,2026-02-15,revenue
6197,2025-06-30,earnings
6197,2025-12-31,earnings
6197,2026-02-15,revenue
6201,2025-06-30,earnings
6201,2025-12-31,earnings
6201,2026-02-15,revenue
6202,2025-06-30,earnings
6202,2025-12-31,earnings
6202,2026-02-15,revenue
6205,2025-06-30,earnings
6205,2025-12-31,earnings
6205,2026-02-15,revenue
6206,2025-06-30,earnings
6206,2025-12-31,earnings
6206,2026-02-15,revenue
6209,2025-09-30,earnings
6209,2025-12-31,earnings
6209,2026-02-15,revenue
6213,2025-09-30,earnings
6213,2025-12-31,earnings
6213,2026-02-15,revenue
6214,2025-09-30,earnings
6214,2025-12-31,earnings
6214,2026-02-15,revenue
6215,2025-09-30,earnings
6215,2025-12-31,earnings
6215,2026-02-15,revenue
6216,2025-06-30,earnings
6216,2025-12-31,earnings
6216,2026-02-15,revenue
6224,2025-09-30,earnings
6224,2025-12-31,earnings
6224,2026-02-15,revenue
6225,2025-09-30,earnings
6225,2025-12-31,earnings
6225,2026-02-15,revenue
6226,2025-09-30,earnings
6226,2025-12-31,earnings
6226,2026-02-15,revenue
6230,2025-09-30,earnings
6230,2025-12-31,earnings
6230,2026-02-15,revenue
6235,2025-09-30,earnings
6235,2025-12-31,earnings
6235,2026-02-15,revenue
6239,2025-06-30,earnings
6239,2025-12-31,earnings
6239,2026-02-15,revenue
6243,2025-09-30,earnings
6243,2025-12-31,earnings
6243,2026-02-15,revenue
6257,2025-06-30,earnings
6257,2025-12-31,earnings
6257,2026-02-15,revenue
6269,2025-09-30,earnings
6269,2025-12-31,earnings
6269,2026-02-15,revenue
6271,2025-06-30,earnings
6271,2025-12-31,earnings
6271,2026-02-15,revenue
6272,2025-09-30,earnings
6272,2025-12-31,earnings
6272,2026-02-15,revenue
6277,2025-09-30,earnings
6277,2025-12-31,earnings
6277,2026-02-15,revenue
6278,2025-06-30,earnings
6278,2025-12-31,earnings
6278,2026-02-15,revenue
6281,2025-06-30,earnings
6281,2025-12-31,earnings
6281,2026-02-15,revenue
6282,2025-09-30,earnings
6282,2025-12-31,earnings
6282,2026-02-15,revenue
6283,2025-09-30,earnings
6283,2025-12-31,earnings
6283,2026-02-15,revenue
6285,2025-06-30,earnings
6285,2025-12-31,earnings
6285,2026-02-15,revenue
6405,2025-09-30,earnings
6405,2025-12-31,earnings
6405,2026-02-15,revenue
6409,2025-06-30,earnings
6409,2025-12-31,earnings
6409,2026-02-15,revenue
6412,2025-09-30,earnings
6412,2025-12-31,earnings
6412,2026-02-15,revenue
6414,2025-09-30,earnings
6414,2025-12-31,earnings
6414,2026-02-15,revenue
6415,2025-09-30,earnings
6415,2025-12-31,earnings
6415,2026-02-15,revenue
6416,2025-09-30,earnings
6416,2025-12-31,earnings
6416,2026-02-15,revenue
6426,2025-09-30,earnings
6426,2025-12-31,earnings
6426,2026-02-15,revenue
6431,2025-09-30,earnings
6431,2025-12-31,earnings
6431,2026-02-15,revenue
6438,2025-09-30,earnings
6438,2025-12-31,earnings
6438,2026-02-15,revenue
6442,2025-09-30,earnings
6442,2025-12-31,earnings
6442,2026-02-15,revenue
6443,2025-09-30,earnings
6443,2025-12-31,earnings
6443,2026-02-15,revenue
6446,2025-06-30,earnings
6446,2025-12-31,earnings
6446,2026-02-15,revenue
6449,2025-09-30,earnings
6449,2025-12-31,earnings
6449,2026-02-15,revenue
6451,2025-09-30,earnings
6451,2025-12-31,earnings
6451,2026-02-15,revenue
6456,2025-09-30,earnings
6456,2025-12-31,earnings
6456,2026-02-15,revenue
6464,2025-09-30,earnings
6464,2025-12-31,earnings
6464,2026-02-15,revenue
6472,2025-09-30,earnings
6472,2025-12-31,earnings
6472,2026-02-15,revenue
6477,2025-09-30,earnings
6477,2025-12-31,earnings
6477,2026-02-15,revenue
6491,2025-09-30,earnings
6491,2025-12-31,earnings
6491,2026-02-15,revenue
6504,2025-09-30,earnings
6504,2025-12-31,earnings
6504,2026-02-15,revenue
6505,2025-06-30,earnings
6505,2025-12-31,earnings
6505,2026-02-15,revenue
6515,2025-09-30,earnings
6515,2025-12-31,earnings
6515,2026-02-15,revenue
6525,2025-09-30,earnings
6525,2025-12-31,earnings
6525,2026-02-15,revenue
6526,2025-09-30,earnings
6526,2025-12-31,earnings
6526,2026-02-15,revenue
6531,2025-06-30,earnings
6531,2025-12-31,earnings
6531,2026-02-15,revenue
6533,2025-09-30,earnings
6533,2025-12-31,earnings
6533,2026-02-15,revenue
6534,2025-06-30,earnings
6534,2025-12-31,earnings
6534,2026-02-15,revenue
6541,2025-09-30,earnings
6541,2025-12-31,earnings
6541,2026-02-15,revenue
6550,2025-09-30,earnings
6550,2025-12-31,earnings
6550,2026-02-15,revenue
6552,2025-06-30,earnings
6552,2025-12-31,earnings
6552,2026-02-15,revenue
6558,2025-06-30,earnings
6558,2025-12-31,earnings
6558,2026-02-15,revenue
6573,2025-09-30,earnings
6573,2025-12-31,earnings
6573,2026-02-15,revenue
6579,2025-06-30,earnings
6579,2025-12-31,earnings
6579,2026-02-15,revenue
6581,2025-06-30,earnings
6581,2025-12-31,earnings
6581,2026-02-15,revenue
6582,2025-09-30,earnings
6582,2025-12-31,earnings
6582,2026-02-15,revenue
6585,2025-06-30,earnings
6585,2025-12-31,earnings
6585,2026-02-15,revenue
6589,2025-09-30,earnings
6589,2025-12-31,earnings
6589,2026-02-15,revenue
6591,2025-09-30,earnings
6591,2025-12-31,earnings
6591,2026-02-15,revenue
6592,2025-06-30,earnings
6592,2025-12-31,earnings
6592,2026-02-15,revenue
6598,2025-09-30,earnings
6598,2025-12-31,earnings
6598,2026-02-15,revenue
6605,2025-09-30,earnings
6605,2025-12-31,earnings
6605,2026-02-15,revenue
6606,2025-09-30,earnings
6606,2025-12-31,earnings
6606,2026-02-15,revenue
6614,2025-09-30,earnings
6614,2025-12-31,earnings
6614,2026-02-15,revenue
6625,2025-09-30,earnings
6625,2025-12-31,earnings
6625,2026-02-15,revenue
6641,2025-06-30,earnings
6641,2025-09-30,earnings
6641,2026-02-15,revenue
6645,2025-06-30,earnings
6645,2025-12-31,earnings
6645,2026-02-15,revenue
6655,2025-09-30,earnings
6655,2025-12-31,earnings
6655,2026-02-15,revenue
6657,2025-09-30,earnings
6657,2025-12-31,earnings
6657,2026-02-15,revenue
6658,2025-06-30,earnings
6658,2025-09-30,earnings
6658,2026-02-15,revenue
6666,2025-09-30,earnings
6666,2025-12-31,earnings
6666,2026-02-15,revenue
6668,2025-06-30,earnings
6668,2025-12-31,earnings
6668,2026-02-15,revenue
6669,2025-09-30,earnings
6669,2025-12-31,earnings
6669,2026-02-15,revenue
6670,2025-09-30,earnings
6670,2025-12-31,earnings
6670,2026-02-15,revenue
6671,2025-09-30,earnings
6671,2025-12-31,earnings
6671,2026-02-15,revenue
6672,2025-09-30,earnings
6672,2025-12-31,earnings
6672,2026-02-15,revenue
6674,2025-09-30,earnings
6674,2025-12-31,earnings
6674,2026-02-15,revenue
6689,2025-09-30,earnings
6689,2025-12-31,earnings
6689,2026-02-15,revenue
6691,2025-09-30,earnings
6691,2025-12-31,earnings
6691,2026-02-15,revenue
6695,2025-09-30,earnings
6695,2025-12-31,earnings
6695,2026-02-15,revenue
6698,2025-09-30,earnings
6698,2025-12-31,earnings
6698,2026-02-15,revenue
6706,2025-09-30,earnings
6706,2025-12-31,earnings
6706,2026-02-15,revenue
6715,2025-09-30,earnings
6715,2025-12-31,earnings
6715,2026-02-15,revenue
6719,2025-06-30,earnings
6719,2025-12-31,earnings
6719,2026-02-15,revenue
6722,2025-09-30,earnings
6722,2025-12-31,earnings
6722,2026-02-15,revenue
6742,2025-09-30,earnings
6742,2025-12-31,earnings
6742,2026-02-15,revenue
6743,2025-09-30,earnings
6743,2025-12-31,earnings
6743,2026-02-15,revenue
6753,2025-09-30,earnings
6753,2025-12-31,earnings
6753,2026-02-15,revenue
6754,2025-09-30,earnings
6754,2025-12-31,earnings
6754,2026-02-15,revenue
6756,2025-09-30,earnings
6756,2025-12-31,earnings
6756,2026-02-15,revenue
6757,2025-09-30,earnings
6757,2025-12-31,earnings
6757,2026-02-15,revenue
6768,2025-09-30,earnings
6768,2025-12-31,earnings
6768,2026-02-15,revenue
6770,2025-09-30,earnings
6770,2025-12-31,earnings
6770,2026-02-15,revenue
6771,2025-06-30,earnings
6771,2025-12-31,earnings
6771,2026-02-15,revenue
6776,2025-06-30,earnings
6776,2025-12-31,earnings
6776,2026-02-15,revenue
6781,2025-09-30,earnings
6781,2025-12-31,earnings
6781,2026-02-15,revenue
6782,2025-09-30,earnings
6782,2025-12-31,earnings
6782,2026-02-15,revenue
6789,2025-06-30,earnings
6789,2025-12-31,earnings
6789,2026-02-15,revenue
6790,2025-09-30,earnings
6790,2025-12-31,earnings
6790,2026-02-15,revenue
6792,2025-06-30,earnings
6792,2025-12-31,earnings
6792,2026-02-15,revenue
6794,2025-06-30,earnings
6794,2025-12-31,earnings
6794,2026-02-15,revenue
6796,2025-09-30,earnings
6796,2025-12-31,earnings
6796,2026-02-15,revenue
6799,2025-06-30,earnings
6799,2025-12-31,earnings
6799,2026-02-15,revenue
6805,2025-06-30,earnings
6805,2025-12-31,earnings
6805,2026-02-15,revenue
6806,2025-09-30,earnings
6806,2025-12-31,earnings
6806,2026-02-15,revenue
6807,2025-09-30,earnings
6807,2025-12-31,earnings
6807,2026-02-15,revenue
6830,2025-09-30,earnings
6830,2025-12-31,earnings
6830,2026-02-15,revenue
6831,2025-09-30,earnings
6831,2025-12-31,earnings
6831,2026-02-15,revenue
6834,2025-06-30,earnings
6834,2025-12-31,earnings
6834,2026-02-15,revenue
6835,2025-09-30,earnings
6835,2025-12-31,earnings
6835,2026-02-15,revenue
6838,2025-09-30,earnings
6838,2025-12-31,earnings
6838,2026-02-15,revenue
6854,2025-06-30,earnings
6854,2025-12-31,earnings
6854,2026-02-15,revenue
6861,2025-06-30,earnings
6861,2025-12-31,earnings
6861,2026-02-15,revenue
6862,2025-09-30,earnings
6862,2025-12-31,earnings
6862,2026-02-15,revenue
6863,2025-09-30,earnings
6863,2025-12-31,earnings
6863,2026-02-15,revenue
6869,2025-09-30,earnings
6869,2025-12-31,earnings
6869,2026-02-15,revenue
6873,2025-09-30,earnings
6873,2025-12-31,earnings
6873,2026-02-15,revenue
6885,2025-09-30,earnings
6885,2025-12-31,earnings
6885,2026-02-15,revenue
6887,2025-09-30,earnings
6887,2025-12-31,earnings
6887,2026-02-15,revenue
6890,2025-09-30,earnings
6890,2025-12-31,earnings
6890,2026-02-15,revenue
6901,2025-09-30,earnings
6901,2025-12-31,earnings
6901,2026-02-15,revenue
6902,2025-09-30,earnings
6902,2025-12-31,earnings
6902,2026-02-15,revenue
6906,2025-09-30,earnings
6906,2025-12-31,earnings
6906,2026-02-15,revenue
6908,2025-09-30,earnings
6908,2025-12-31,earnings
6909,2025-09-30,earnings
6909,2025-12-31,earnings
6909,2026-02-15,revenue
6914,2025-09-30,earnings
6914,2025-12-31,earnings
6914,2026-02-15,revenue
6916,2025-09-30,earnings
6916,2025-12-31,earnings
6916,2026-02-15,revenue
6918,2025-09-30,earnings
6918,2025-12-31,earnings
6918,2026-02-15,revenue
6919,2025-09-30,earnings
6919,2025-12-31,earnings
6921,2025-09-30,earnings
6921,2025-12-31,earnings
6921,2026-02-15,revenue
6923,2025-09-30,earnings
6923,2025-12-31,earnings
6923,2026-02-15,revenue
6924,2025-09-30,earnings
6924,2025-12-31,earnings
6924,2026-02-15,revenue
6928,2025-09-30,earnings
6928,2025-12-31,earnings
6928,2026-02-15,revenue
6931,2025-09-30,earnings
6931,2025-12-31,earnings
6931,2026-02-15,revenue
6933,2025-09-30,earnings
6933,2025-12-31,earnings
6933,2026-02-15,revenue
6934,2025-09-30,earnings
6934,2025-12-31,earnings
6934,2026-02-15,revenue
6936,2025-06-30,earnings
6936,2025-12-31,earnings
6936,2026-02-15,revenue
6937,2025-06-30,earnings
6937,2025-12-31,earnings
6937,2026-02-15,revenue
6944,2025-09-30,earnings
6944,2025-12-31,earnings
6944,2026-02-15,revenue
6949,2025-09-30,earnings
6949,2025-12-31,earnings
6949,2026-02-15,revenue
6951,2025-06-30,earnings
6951,2025-12-31,earnings
6951,2026-02-15,revenue
6952,2025-06-30,earnings
6952,2025-12-31,earnings
6952,2026-02-15,revenue
6955,2025-09-30,earnings
6955,2025-12-31,earnings
6955,2026-02-15,revenue
6957,2025-09-30,earnings
6957,2025-12-31,earnings
6957,2026-02-15,revenue
6958,2025-09-30,earnings
6958,2025-12-31,earnings
6958,2026-02-15,revenue
6962,2025-06-30,earnings
6962,2025-12-31,earnings
6962,2026-02-15,revenue
6965,2025-09-30,earnings
6965,2025-12-31,earnings
6965,2026-02-15,revenue
6969,2025-09-30,earnings
6969,2025-12-31,earnings
6969,2026-02-15,revenue
6988,2025-09-30,earnings
6988,2025-12-31,earnings
6988,2026-02-15,revenue
6994,2025-06-30,earnings
6994,2025-12-31,earnings
6994,2026-02-15,revenue
7610,2025-09-30,earnings
7610,2025-12-31,earnings
7610,2026-02-15,revenue
7631,2025-09-30,earnings
7631,2025-12-31,earnings
7631,2026-02-15,revenue
7705,2025-09-30,earnings
7705,2025-12-31,earnings
7705,2026-02-15,revenue
7711,2025-09-30,earnings
7711,2025-12-31,earnings
7711,2026-02-15,revenue
7721,2025-09-30,earnings
7721,2025-12-31,earnings
7721,2026-02-15,revenue
7722,2025-09-30,earnings
7722,2025-12-31,earnings
7722,2026-02-15,revenue
7730,2025-09-30,earnings
7730,2025-12-31,earnings
7730,2026-02-15,revenue
7732,2025-09-30,earnings
7732,2025-12-31,earnings
7732,2026-02-15,revenue
7736,2025-09-30,earnings
7736,2025-12-31,earnings
7736,2026-02-15,revenue
7740,2025-09-30,earnings
7740,2025-12-31,earnings
7740,2026-02-15,revenue
7749,2025-09-30,earnings
7749,2025-12-31,earnings
7749,2026-02-15,revenue
7750,2025-09-30,earnings
7750,2025-12-31,earnings
7750,2026-02-15,revenue
7765,2025-06-30,earnings
7765,2025-12-31,earnings
7765,2026-02-15,revenue
7769,2025-06-30,earnings
7769,2025-12-31,earnings
7769,2026-02-15,revenue
7780,2025-09-30,earnings
7780,2025-12-31,earnings
7780,2026-02-15,revenue
7786,2025-09-30,earnings
7786,2025-12-31,earnings
7786,2026-02-15,revenue
7788,2025-09-30,earnings
7788,2025-12-31,earnings
7788,2026-02-15,revenue
7791,2025-09-30,earnings
7791,2025-12-31,earnings
7791,2026-02-15,revenue
7795,2025-09-30,earnings
7795,2025-12-31,earnings
7795,2026-02-15,revenue
7799,2025-06-30,earnings
7799,2025-12-31,earnings
7822,2025-09-30,earnings
7822,2025-12-31,earnings
7823,2025-09-30,earnings
7823,2025-12-31,earnings
7823,2026-02-15,revenue
8011,2025-09-30,earnings
8011,2025-12-31,earnings
8011,2026-02-15,revenue
8016,2025-06-30,earnings
8016,2025-12-31,earnings
8016,2026-02-15,revenue
8021,2025-09-30,earnings
8021,2025-12-31,earnings
8021,2026-02-15,revenue
8028,2025-09-30,earnings
8028,2025-12-31,earnings
8028,2026-02-15,revenue
8033,2025-09-30,earnings
8033,2025-12-31,earnings
8033,2026-02-15,revenue
8039,2025-06-30,earnings
8039,2025-12-31,earnings
8039,2026-02-15,revenue
8045,2025-09-30,earnings
8045,2025-12-31,earnings
8045,2026-02-15,revenue
8046,2025-06-30,earnings
8046,2025-12-31,earnings
8046,2026-02-15,revenue
8070,2025-06-30,earnings
8070,2025-12-31,earnings
8070,2026-02-15,revenue
8072,2025-09-30,earnings
8072,2025-12-31,earnings
8072,2026-02-15,revenue
8081,2025-09-30,earnings
8081,2025-12-31,earnings
8081,2026-02-15,revenue
8101,2025-09-30,earnings
8101,2025-12-31,earnings
8101,2026-02-15,revenue
8103,2025-09-30,earnings
8103,2025-12-31,earnings
8103,2026-02-15,revenue
8104,2025-09-30,earnings
8104,2025-12-31,earnings
8104,2026-02-15,revenue
8105,2025-06-30,earnings
8105,2025-12-31,earnings
8105,2026-02-15,revenue
8110,2025-09-30,earnings
8110,2025-12-31,earnings
8110,2026-02-15,revenue
8112,2025-09-30,earnings
8112,2025-12-31,earnings
8112,2026-02-15,revenue
8114,2025-06-30,earnings
8114,2025-12-31,earnings
8114,2026-02-15,revenue
8131,2025-06-30,earnings
8131,2025-12-31,earnings
8131,2026-02-15,revenue
8150,2025-09-30,earnings
8150,2025-12-31,earnings
8150,2026-02-15,revenue
8162,2025-09-30,earnings
8162,2025-12-31,earnings
8162,2026-02-15,revenue
8163,2025-09-30,earnings
8163,2025-12-31,earnings
8163,2026-02-15,revenue
8201,2025-09-30,earnings
8201,2025-12-31,earnings
8201,2026-02-15,revenue
8210,2025-06-30,earnings
8210,2025-12-31,earnings
8210,2026-02-15,revenue
8213,2025-09-30,earnings
8213,2025-12-31,earnings
8213,2026-02-15,revenue
8215,2025-06-30,earnings
8215,2025-12-31,earnings
8215,2026-02-15,revenue
8222,2025-09-30,earnings
8222,2025-12-31,earnings
8222,2026-02-15,revenue
8249,2025-09-30,earnings
8249,2025-12-31,earnings
8249,2026-02-15,revenue
8261,2025-06-30,earnings
8261,2025-12-31,earnings
8261,2026-02-15,revenue
8271,2025-06-30,earnings
8271,2025-12-31,earnings
8271,2026-02-15,revenue
8341,2025-06-30,earnings
8341,2025-12-31,earnings
8341,2026-02-15,revenue
8367,2025-06-30,earnings
8367,2025-12-31,earnings
8367,2026-02-15,revenue
8374,2025-06-30,earnings
8374,2025-12-31,earnings
8374,2026-02-15,revenue
8404,2025-09-30,earnings
8404,2025-12-31,earnings
8404,2026-02-15,revenue
8411,2025-09-30,earnings
8411,2025-12-31,earnings
8411,2026-02-15,revenue
8422,2025-06-30,earnings
8422,2025-12-31,earnings
8422,2026-02-15,revenue
8429,2025-09-30,earnings
8429,2025-12-31,earnings
8429,2026-02-15,revenue
8438,2025-06-30,earnings
8438,2025-12-31,earnings
8438,2026-02-15,revenue
8442,2025-09-30,earnings
8442,2025-12-31,earnings
8442,2026-02-15,revenue
8443,2025-09-30,earnings
8443,2025-12-31,earnings
8443,2026-02-15,revenue
8454,2025-06-30,earnings
8454,2025-12-31,earnings
8454,2026-02-15,revenue
8462,2025-06-30,earnings
8462,2025-12-31,earnings
8462,2026-02-15,revenue
8463,2025-09-30,earnings
8463,2025-12-31,earnings
8463,2026-02-15,revenue
8464,2025-09-30,earnings
8464,2025-12-31,earnings
8464,2026-02-15,revenue
8466,2025-09-30,earnings
8466,2025-12-31,earnings
8466,2026-02-15,revenue
8467,2025-09-30,earnings
8467,2025-12-31,earnings
8467,2026-02-15,revenue
8473,2025-09-30,earnings
8473,2025-12-31,earnings
8473,2026-02-15,revenue
8476,2025-09-30,earnings
8476,2025-12-31,earnings
8476,2026-02-15,revenue
8478,2025-09-30,earnings
8478,2025-12-31,earnings
8478,2026-02-15,revenue
8481,2025-09-30,earnings
8481,2025-12-31,earnings
8481,2026-02-15,revenue
8482,2025-09-30,earnings
8482,2025-12-31,earnings
8482,2026-02-15,revenue
8487,2025-09-30,earnings
8487,2025-12-31,earnings
8487,2026-02-15,revenue
8488,2025-09-30,earnings
8488,2025-12-31,earnings
8488,2026-02-15,revenue
8499,2025-09-30,earnings
8499,2025-12-31,earnings
8499,2026-02-15,revenue
8926,2025-09-30,earnings
8926,2025-12-31,earnings
8926,2026-02-15,revenue
8940,2025-06-30,earnings
8940,2025-12-31,earnings
8940,2026-02-15,revenue
8996,2025-09-30,earnings
8996,2025-12-31,earnings
8996,2026-02-15,revenue
9105,2025-09-30,earnings
9105,2025-12-31,earnings
9105,2026-02-15,revenue
9110,2025-03-31,earnings
9802,2025-06-30,earnings
9802,2025-12-31,earnings
9802,2026-02-15,revenue
9902,2025-09-30,earnings
9902,2025-12-31,earnings
9902,2026-02-15,revenue
9904,2025-09-30,earnings
9904,2025-12-31,earnings
9904,2026-02-15,revenue
9905,2025-06-30,earnings
9905,2025-12-31,earnings
9905,2026-02-15,revenue
9906,2025-09-30,earnings
9906,2025-12-31,earnings
9906,2026-02-15,revenue
9907,2025-06-30,earnings
9907,2025-12-31,earnings
9907,2026-02-15,revenue
9908,2025-06-30,earnings
9908,2025-12-31,earnings
9908,2026-02-15,revenue
9910,2025-09-30,earnings
9910,2025-12-31,earnings
9910,2026-02-15,revenue
9911,2025-09-30,earnings
9911,2025-12-31,earnings
9911,2026-02-15,revenue
9912,2025-09-30,earnings
9912,2025-12-31,earnings
9912,2026-02-15,revenue
9914,2025-09-30,earnings
9914,2025-12-31,earnings
9914,2026-02-15,revenue
9917,2025-09-30,earnings
9917,2025-12-31,earnings
9917,2026-02-15,revenue
9918,2025-09-30,earnings
9918,2025-12-31,earnings
9918,2026-02-15,revenue
9919,2025-09-30,earnings
9919,2025-12-31,earnings
9919,2026-02-15,revenue
9921,2025-09-30,earnings
9921,2025-12-31,earnings
9921,2026-02-15,revenue
9924,2025-09-30,earnings
9924,2025-12-31,earnings
9924,2026-02-15,revenue
9925,2025-09-30,earnings
9925,2025-12-31,earnings
9925,2026-02-15,revenue
9926,2025-06-30,earnings
9926,2025-12-31,earnings
9926,2026-02-15,revenue
9927,2025-09-30,earnings
9927,2025-12-31,earnings
9927,2026-02-15,revenue
9928,2025-09-30,earnings
9928,2025-12-31,earnings
9928,2026-02-15,revenue
9929,2025-09-30,earnings
9929,2025-12-31,earnings
9929,2026-02-15,revenue
9930,2025-06-30,earnings
9930,2025-12-31,earnings
9930,2026-02-15,revenue
9931,2025-09-30,earnings
9931,2025-12-31,earnings
9931,2026-02-15,revenue
9933,2025-09-30,earnings
9933,2025-12-31,earnings
9933,2026-02-15,revenue
9934,2025-09-30,earnings
9934,2025-12-31,earnings
9934,2026-02-15,revenue
9935,2025-09-30,earnings
9935,2025-12-31,earnings
9935,2026-02-15,revenue
9937,2025-09-30,earnings
9937,2025-12-31,earnings
9937,2026-02-15,revenue
9938,2025-09-30,earnings
9938,2025-12-31,earnings
9938,2026-02-15,revenue
9939,2025-09-30,earnings
9939,2025-12-31,earnings
9939,2026-02-15,revenue
9940,2025-06-30,earnings
9940,2025-12-31,earnings
9940,2026-02-15,revenue
9941,2025-09-30,earnings
9941,2025-12-31,earnings
9941,2026-02-15,revenue
9942,2025-09-30,earnings
9942,2025-12-31,earnings
9942,2026-02-15,revenue
9943,2025-06-30,earnings
9943,2025-12-31,earnings
9943,2026-02-15,revenue
9944,2025-09-30,earnings
9944,2025-12-31,earnings
9944,2026-02-15,revenue
9945,2025-09-30,earnings
9945,2025-12-31,earnings
9945,2026-02-15,revenue
9946,2025-06-30,earnings
9946,2025-09-30,earnings
9946,2026-02-15,revenue
9955,2025-09-30,earnings
9955,2025-12-31,earnings
9955,2026-02-15,revenue
9958,2025-09-30,earnings
9958,2025-12-31,earnings
9958,2026-02-15,revenue
